,Reg no.,Name,"Incorp-
orated",Dissolved,Type
3590,51324,LANCASTER LAND INVESTMENT COMPANY LIMITED,1977-01-25,,"Private, ltd by shares"
3591,51662,"LANCASTER LIGHTING LIMITED
蘭克斯燈飾有限公司",1977-02-15,1984-04-14,"Private, ltd by shares"
3592,53604,LANCASTER REINSURANCE COMPANY LIMITED,1977-05-31,1994-10-28,"Private, ltd by shares"
3593,55746,LANCASTER UNION COMPANY LIMITED,1977-09-30,1995-09-29,"Private, ltd by shares"
3594,53796,LANCER AIR INTERNATIONAL LIMITED,1977-06-17,1995-09-29,"Private, ltd by shares"
3595,54119,"LANDER ENTERPRISES (H.K.) LIMITED
南特企業(香港)有限公司",1977-07-05,1996-02-16,"Private, ltd by shares"
3596,56890,"LANDEX (HOP KEE) ENTERPRISES LIMITED
聯得(合記)企業有限公司",1977-11-29,2004-07-09,"Private, ltd by shares"
3597,55090,"LANDEX (HOP KEE) GARMENT FACTORY, LIMITED
聯得(合記)製衣廠有限公司",1977-08-23,1997-02-28,"Private, ltd by shares"
3598,51609,LANDFORD (NOMINEES) LIMITED,1977-02-11,,"Private, ltd by shares"
3599,53129,LANDMARK APPAREL (H.K.) LIMITED,1977-05-10,1996-05-31,"Private, ltd by shares"
3600,53356,LANDRIDGE MORTON INTERNATIONAL CO. LIMITED,1977-05-20,,"Private, ltd by shares"
3601,51512,"LANTAU ISLAND KEUNG SHAN KWUN YAM TEMPLE DEVELOPMENT ASSOCIATION LIMITED
大嶼山薑山觀音寺籌建委員會有限公司",1977-02-08,1996-06-07,Ltd by guarantee
3602,52333,LANTAU LAND HOLDINGS LIMITED,1977-03-29,2002-03-15,"Private, ltd by shares"
3603,52731,LANTIC TRADING LIMITED (d1986-05-30),1977-04-26,1986-05-30,"Private, ltd by shares"
3604,56817,LAP INTERNATIONAL LIMITED,1977-11-25,2000-05-26,"Private, ltd by shares"
3605,53441,"LAP SHUN BUTTON FACTORY LIMITED
立信鈕廠有限公司",1977-05-24,1988-04-08,"Private, ltd by shares"
3606,54608,"LAP YAN INVESTMENT COMPANY LIMITED
立仁置業有限公司",1977-07-29,,"Private, ltd by shares"
3607,53428,"LAPFUL ENTERPRISES LIMITED
立富企業有限公司",1977-05-24,1996-05-10,"Private, ltd by shares"
3608,52393,"LARCH (WUHAN) LIMITED
隆舜(武漢)有限公司",1977-03-29,2006-02-03,"Private, ltd by shares"
3609,53854,LARGS SECURITIES LIMITED,1977-06-17,1999-03-22,"Private, ltd by shares"
3610,52450,LARRY DEVELOPMENT COMPANY LIMITED,1977-04-01,,"Private, ltd by shares"
3611,54626,LATEST FASHION KNITTERS LIMITED (THE),1977-07-29,2003-04-11,"Private, ltd by shares"
3612,57133,"LAU YUEN FUNG PLASTIC FACTORY LIMITED
劉源豐塑膠廠有限公司",1977-12-09,,"Private, ltd by shares"
3613,57328,LAUDERHILL CONSULTING SERVICES LIMITED,1977-12-16,1985-12-04,"Private, ltd by shares"
3614,51991,"LAUNCHERS TRADE (HONG KONG) LIMITED
信訊商業有限公司",1977-03-11,1992-06-26,"Private, ltd by shares"
3615,52854,"LAURENCE, PRUST (HONG KONG) LIMITED",1977-04-29,1981-02-27,"Private, ltd by shares"
3616,52208,LAURUS LIMITED (d1988-12-14),1977-03-22,1988-12-14,"Private, ltd by shares"
3617,52078,LAVENDER LIMITED (d1995-11-17),1977-03-15,1995-11-17,"Private, ltd by shares"
3618,57515,"LAW CHI YIP CONSTRUCTION COMPANY LIMITED
羅志業建築有限公司",1977-12-23,,"Private, ltd by shares"
3619,51584,"LAW TAK KWONG ENTERPRISES COMPANY LIMITED
羅德光企業有限公司",1977-02-11,,"Private, ltd by shares"
3620,53253,LAXDALA LIMITED,1977-05-17,2002-03-15,"Private, ltd by shares"
3621,54249,"LAXON GARMENT FACTORY LIMITED
力生製衣廠有限公司",1977-07-12,1990-09-28,"Private, ltd by shares"
3622,52252,LBI (HONG KONG) NOMINEES LIMITED,1977-03-25,1992-08-15,"Private, ltd by shares"
3623,56291,LCK INTERNATIONAL (ASIA) LIMITED,1977-11-01,1992-02-28,"Private, ltd by shares"
3624,55652,"LCK INTERNATIONAL TRADING LIMITED
勵業國際建材有限公司",1977-09-23,2017-10-14,"Private, ltd by shares"
3625,51487,"LE GRANDO LIMITED
堅達洋行有限公司",1977-02-04,2009-12-24,"Private, ltd by shares"
3626,56290,"LE PASSE PARTOUT (FAR EAST) LIMITED
百多(遠東)有限公司",1977-11-01,1996-07-05,"Private, ltd by shares"
3627,54154,"LE POR PROPERTIES COMPANY LIMITED
利寶地產有限公司",1977-07-08,1996-12-20,"Private, ltd by shares"
3628,52710,LE PRINTEMPS (H.K.) LIMITED,1977-04-22,1995-08-25,"Private, ltd by shares"
3629,52711,LE ROI DAVID ENTERPRISES (H.K.) LIMITED,1977-04-22,1995-07-28,"Private, ltd by shares"
3630,56974,LEA ELLIOTT AGENCIES LIMITED,1977-12-02,1995-09-29,"Private, ltd by shares"
3631,54488,"LEAD-WELL ARCHITECTURE & INTERIOR DESIGN COMPANY LIMITED
領威建築設計有限公司",1977-07-22,1996-11-01,"Private, ltd by shares"
3632,55696,"LEAD-WELL ENGINEERING COMPANY LIMITED
領威工程有限公司",1977-09-27,1995-08-25,"Private, ltd by shares"
3633,54846,"LEAD-WELL REALTY DEVELOPMENT COMPANY LIMITED
領威地產發展有限公司",1977-08-09,1996-09-06,"Private, ltd by shares"
3634,51384,"LEADER PRINTED CIRCUIT BOARDS LIMITED
利達電路印版有限公司",1977-01-28,,"Private, ltd by shares"
3635,53345,"LEADER SYNTHETIC BLEACHING FACTORY LIMITED
利達纖維整染廠有限公司",1977-05-20,2004-07-09,"Private, ltd by shares"
3636,51133,"LEADERFOUR COMPANY LIMITED
利達豐有限公司",1977-01-14,2001-08-17,"Private, ltd by shares"
3637,54703,"LEAR ENTERPRISES LIMITED
勵雅企業有限公司",1977-08-03,2003-04-11,"Private, ltd by shares"
3638,55261,LEARNING SYSTEMS (ASIA PACIFIC) LIMITED,1977-08-31,1984-08-19,"Private, ltd by shares"
3639,55612,LEASING SERVICES (HK) LIMITED,1977-09-20,1985-04-22,"Private, ltd by shares"
3640,53161,"LEBURTON INSURANCE BROKERS LIMITED
利保成保險顧問有限公司",1977-05-13,,"Private, ltd by shares"
3641,52352,LEE BROTHERS INVESTMENT COMPANY LIMITED,1977-03-29,1993-06-27,"Private, ltd by shares"
3642,56959,"LEE CHEUNG WOO DRIED BEAN CURD FACTORY LIMITED
李祥和腐竹廠有限公司",1977-12-02,2000-09-15,"Private, ltd by shares"
3643,57178,"LEE CHUNG ON TONG LIMITED
李頌安堂有限公司",1977-12-13,,"Private, ltd by shares"
3644,53481,LEE CIRCLE (H.K.) COMPANY LIMITED,1977-05-27,2002-11-15,"Private, ltd by shares"
3645,53394,LEE CONQUER INVESTMENT COMPANY LIMITED,1977-05-24,2001-04-20,"Private, ltd by shares"
3646,57701,"LEE EVANS & ASSOCIATES LIMITED
利興運有限公司",1977-12-30,1996-02-16,"Private, ltd by shares"
3647,57117,"LEE FAI ELECTRIC COMPANY LIMITED
利輝電器有限公司",1977-12-09,2005-11-18,"Private, ltd by shares"
3648,53903,"LEE FOON YUNG INVESTMENT COMPANY LIMITED
李浣容投資有限公司",1977-06-22,1993-06-08,"Private, ltd by shares"
3649,51535,"LEE HENG DIAMOND COMPANY LIMITED
利興鑽石有限公司",1977-02-08,,"Private, ltd by shares"
3650,51658,LEE HING GARMENT WORKS LIMITED,1977-02-15,2007-12-14,"Private, ltd by shares"
3651,51202,"LEE HOI KEE METAL WATCH-BAND FACTORY LIMITED
李海記金屬錶帶廠有限公司",1977-01-18,1989-10-19,"Private, ltd by shares"
3652,56189,"LEE HUNG FAT GARMENT FACTORY LIMITED
利鴻發製衣有限公司",1977-10-25,,"Private, ltd by shares"
3653,54114,"LEE JONES IMPORT & EXPORT LIMITED
力衆貿易有限公司",1977-07-05,1983-08-31,"Private, ltd by shares"
3654,51794,"LEE KONG KNITTERS LIMITED
勵光織造廠有限公司",1977-02-25,2012-05-10,"Private, ltd by shares"
3655,52578,"LEE KWONG FINANCE COMPANY LIMITED
利廣財務有限公司",1977-04-15,1993-05-02,"Private, ltd by shares"
3656,57243,"LEE LOI TAXI COMPANY LIMITED
利來的士有限公司",1977-12-16,2003-11-07,"Private, ltd by shares"
3657,52192,"LEE SANG (CHUEN KEE) MANUFACTURING FACTORY LIMITED
利生(傳記)製造廠有限公司",1977-03-22,1995-07-28,"Private, ltd by shares"
3658,53051,LEE SANG FINANCE COMPANY LIMITED,1977-05-06,1995-11-24,"Private, ltd by shares"
3659,54395,"LEE TAK HOP KEE FASHION GARMENTS FACTORY LIMITED
利德合記製衣廠有限公司",1977-07-19,2004-12-17,"Private, ltd by shares"
3660,55858,"LEE TONG WATCH & JEWELLERY COMPANY LIMITED
利東鐘錶珠寶有限公司",1977-10-07,1995-08-25,"Private, ltd by shares"
3661,57277,"LEE WAH CHEONG INVESTMENT COMPANY LIMITED
利華昌投資有限公司",1977-12-16,1985-09-03,"Private, ltd by shares"
3662,57030,"LEE WAH MUI INTERNATIONAL INVESTMENT LIMITED
李話梅國際投資有限公司",1977-12-02,1995-09-29,"Private, ltd by shares"
3663,52623,"LEE WINNER ENTERPRISES LIMITED
利永嘉企業有限公司",1977-04-19,1986-01-31,"Private, ltd by shares"
3664,54021,"LEE WO KWAN KEE INDUSTRIAL COMPANY, LIMITED
利和堃記實業有限公司",1977-06-28,1992-05-08,"Private, ltd by shares"
3665,54824,"LEE YIP DEVELOPMENT COMPANY LIMITED
利業發展有限公司",1977-08-09,,"Private, ltd by shares"
3666,51458,LEECOM LIMITED,1977-02-04,,"Private, ltd by shares"
3667,57598,"LEEHAN TRADING (HONG KONG) LIMITED
利韓貿易(香港)有限公司",1977-12-28,1992-04-20,"Private, ltd by shares"
3668,53328,"LEETONCO DEVELOPMENT COMPANY LIMITED
利頓高發展有限公司",1977-05-20,,"Private, ltd by shares"
3669,53687,LEEVAS RECORDERS LIMITED,1977-06-10,1995-12-29,"Private, ltd by shares"
3670,51992,LEGARDA & NISHINO COMPANY LIMITED,1977-03-11,1995-09-29,"Private, ltd by shares"
3671,55841,LEGATO INVESTMENTS LIMITED,1977-10-07,1996-04-06,"Private, ltd by shares"
3672,56547,"LEGOIL INTERNATIONAL LIMITED
椰油國際有限公司",1977-11-11,1999-09-09,"Private, ltd by shares"
3673,52030,"LEIBOWITZ INVESTMENT LIMITED
利保置業有限公司",1977-03-11,1987-05-26,"Private, ltd by shares"
3674,56827,LEISURE WORLDWIDE LIMITED (d1995-09-29),1977-11-25,1995-09-29,"Private, ltd by shares"
3675,56275,LEISURELIFE LIMITED (d1994-07-22),1977-10-28,1994-07-22,"Private, ltd by shares"
3676,51398,LEITH INVESTMENTS LIMITED (d1994-01-19),1977-01-28,1994-01-19,"Private, ltd by shares"
3677,52039,"LEITNER INVESTMENT LIMITED
利納置業有限公司",1977-03-11,1983-06-18,"Private, ltd by shares"
3678,51233,"LEN SHING ELECTRONICS COMPANY LIMITED
聯昇電子有限公司",1977-01-21,1990-11-30,"Private, ltd by shares"
3679,55995,"LENCO MANAGEMENT CONSULTANT LIMITED
能高管理顧問有限公司",1977-10-14,2001-07-20,"Private, ltd by shares"
3680,55662,"LENCON INVESTMENTS LIMITED
蘭金投資有限公司",1977-09-23,,"Private, ltd by shares"
3681,54537,"LENGTH COMPANY LIMITED
領富有限公司",1977-07-26,,"Private, ltd by shares"
3682,52875,"LENT & SONS, COMPANY LIMITED",1977-04-29,1995-07-28,"Private, ltd by shares"
3683,56599,LEO INTRACO HOLDING LIMITED,1977-11-15,1997-05-30,"Private, ltd by shares"
3684,55163,"LEO LEE AGENCY LIMITED
李東海代理有限公司",1977-08-26,2020-01-03,"Private, ltd by shares"
3685,56875,"LEON INDUSTRIES (H.K.) LIMITED
利誼安工業(香港)有限公司",1977-11-29,1998-08-07,"Private, ltd by shares"
3686,55880,"LEPONT FOODS LIMITED
利邦食品有限公司",1977-10-07,2000-03-17,"Private, ltd by shares"
3687,51531,LEPONT INTERNATIONAL LIMITED (d1995-07-28),1977-02-08,1995-07-28,"Private, ltd by shares"
3688,56503,LEPTON LIMITED (d1996-02-07),1977-11-11,1996-02-07,"Private, ltd by shares"
3689,55237,"LERDER ENTERPRISE COMPANY LIMITED
歷達企業有限公司",1977-08-31,,"Private, ltd by shares"
3690,56433,LERWICK INVESTMENT COMPANY LIMITED,1977-11-08,1986-02-06,"Private, ltd by shares"
3691,57367,LESIM (HONG KONG) LIMITED,1977-12-20,1989-05-26,"Private, ltd by shares"
3692,54725,"LETTER LAND INVESTMENTS LIMITED
利泰置業有限公司",1977-08-03,,"Private, ltd by shares"
3693,51730,LEUN TAT INDUSTRIAL COMPANY LIMITED,1977-02-22,,"Private, ltd by shares"
3694,53666,LEUNG & LEUNG COMPANY LIMITED,1977-06-07,,"Private, ltd by shares"
3695,57114,"LEUNG CHAI SZE DRUGS MANUFACTORY LIMITED
梁濟時製藥廠有限公司",1977-12-09,,"Private, ltd by shares"
3696,55650,"LEUNG WAN KEE SHIPYARD LIMITED
梁穩記船廠有限公司",1977-09-23,,"Private, ltd by shares"
3697,54894,"LEUNGKEE IMPORTERS AND EXPORTERS LIMITED
梁記出入口有限公司",1977-08-12,2003-05-16,"Private, ltd by shares"
3698,52512,"LEUNGTEX GARMENT INDUSTRIES LIMITED
良德製衣廠有限公司",1977-04-06,1996-10-18,"Private, ltd by shares"
3699,51653,LEVER INVESTMENT COMPANY LIMITED,1977-02-15,2004-11-26,"Private, ltd by shares"
3700,57359,LEWERY LIMITED,1977-12-20,1996-06-21,"Private, ltd by shares"
3701,52152,"LEWIS & PAUL INVESTMENT COMPANY LIMITED
羅保投資有限公司",1977-03-18,,"Private, ltd by shares"
3702,53498,LEXSCRIPTA CORPORATE MANAGEMENT LIMITED,1977-05-27,,"Private, ltd by shares"
3703,51921,LEYMART LIMITED,1977-03-04,1995-07-28,"Private, ltd by shares"
3704,53561,"LF INTERNATIONAL LIMITED (d2020-10-30)
利輝國際有限公司",1977-05-31,2020-10-30,"Private, ltd by shares"
3705,56017,"LF Logistics (Hong Kong) Limited
利豐物流(香港)有限公司",1977-10-14,,"Private, ltd by shares"
3706,57223,LFD MANUFACTURING LIMITED,1977-12-13,2007-03-20,"Private, ltd by shares"
3707,53685,"LI & FUNG APPAREL (NORTH AMERICA) LIMITED
利豐成衣(北美)有限公司",1977-06-10,,"Private, ltd by shares"
3708,52468,LI & FUNG MANAGEMENT SERVICES LIMITED,1977-04-01,2010-12-28,"Private, ltd by shares"
3709,52963,"LI BROTHERS CONTAINER SERVICE LIMITED
李兄弟貨箱服務有限公司",1977-05-03,,"Private, ltd by shares"
3710,56657,LI CHAI TONG INVESTMENT COMPANY LIMITED,1977-11-18,2003-10-17,"Private, ltd by shares"
3711,56298,LI LION CONTRACTORS LIMITED,1977-11-01,2002-03-15,"Private, ltd by shares"
3712,55933,"LI SHING FOAM PLASTICS LIMITED
利成塑膠有限公司",1977-10-11,1997-05-16,"Private, ltd by shares"
3713,51872,"LI TAK FUNG NOMINEES LIMITED
利德豐代理人有限公司",1977-03-01,2002-01-11,"Private, ltd by shares"
3714,54198,"LI-TUNG ELECTRONICS COMPANY LIMITED
利東電子有限公司",1977-07-08,2003-02-14,"Private, ltd by shares"
3715,54256,"LIANG'S SECRETARIAL SERVICES LIMITED
梁氏秘書服務有限公司",1977-07-12,2015-10-16,"Private, ltd by shares"
3716,51901,LICHFIELD INVESTMENTS LIMITED (d2002-10-11),1977-03-04,2002-10-11,"Private, ltd by shares"
3717,51900,LICHTMAN TRADING LIMITED,1977-03-04,1995-12-29,"Private, ltd by shares"
3718,55669,"LICK SANG PRINTING FACTORY LIMITED
力生印刷廠有限公司",1977-09-23,2002-02-08,"Private, ltd by shares"
3719,53067,"LICKAY PLASTICS LIMITED
力奇塑膠有限公司",1977-05-06,2009-08-07,"Private, ltd by shares"
3720,51220,"LIDA TRADING COMPANY LIMITED (d1998-09-18)
聯立貿易有限公司",1977-01-18,1998-09-18,"Private, ltd by shares"
3721,52749,"LIEN LIK TRADING COMPANY, LIMITED
聯力貿易有限公司",1977-04-26,1995-08-25,"Private, ltd by shares"
3722,56655,"LIFFORD COMPANY LIMITED
力孚有限公司",1977-11-18,,"Private, ltd by shares"
3723,52206,LIGHT ROSE LIMITED,1977-03-22,2020-07-10,"Private, ltd by shares"
3724,54837,"LIGINOI COMPANY LIMITED
利進來有限公司",1977-08-09,1995-07-28,"Private, ltd by shares"
3725,57332,"LIHONG FINANCE LIMITED
利康財務有限公司",1977-12-16,,"Private, ltd by shares"
3726,54312,"LIK FUNG INVESTMENT & DEVELOPMENT COMPANY, LIMITED
力豐投資發展有限公司",1977-07-15,1995-11-24,"Private, ltd by shares"
3727,54111,"LIK TAT ELECTRONICS COMPANY LIMITED
力達電子有限公司",1977-07-05,1990-06-07,"Private, ltd by shares"
3728,52977,"LILY IMPORTED FURNITURE COMPANY LIMITED
莉莉舶來傢俬有限公司",1977-05-06,1986-10-18,"Private, ltd by shares"
3729,55854,"LILY JEWELLERY COMPANY LIMITED
麗麗珠寶有限公司",1977-10-07,2003-08-29,"Private, ltd by shares"
3730,53572,"LIM'S DEVELOPMENT LIMITED
林氏發展有限公司",1977-05-31,1999-12-08,"Private, ltd by shares"
3731,51796,LIMEXPORT TRADING LIMITED,1977-02-25,2001-12-14,"Private, ltd by shares"
3732,56740,LIMITCO SERVICES LIMITED,1977-11-22,,"Private, ltd by shares"
3733,52882,"LIN CHEONG INVESTMENT COMPANY LIMITED
連昌置業有限公司",1977-04-29,2015-12-18,"Private, ltd by shares"
3734,53195,"LIN WING ENTERPRISES COMPANY LIMITED
連榮企業有限公司",1977-05-13,,"Private, ltd by shares"
3735,56044,LINARIA BUILDING CONSULTANTS LIMITED,1977-10-18,1988-04-06,"Private, ltd by shares"
3736,52237,LINCOLN PROPERTY COMPANY (HK) LIMITED,1977-03-25,1990-03-30,"Private, ltd by shares"
3737,57346,LINDBERG ASSOCIATES LIMITED,1977-12-20,2004-01-21,"Private, ltd by shares"
3738,51249,"LINE ANALYTICS LIMITED
安萊有限公司",1977-01-21,2014-10-04,"Private, ltd by shares"
3739,51058,"LINFAIRTIA INVESTMENT COMPANY LIMITED
聯輝泰投資有限公司",1977-01-07,2003-02-07,"Private, ltd by shares"
3740,53732,"LING DE PARIS LIMITED
絲綢夫人有限公司",1977-06-14,2003-06-20,"Private, ltd by shares"
3741,56965,"LING LOONG INVESTMENT COMPANY LIMITED
玲瓏投資有限公司",1977-12-02,2016-09-30,"Private, ltd by shares"
3742,56643,"LING NAM TIMBER LIMITED
嶺南木材有限公司",1977-11-18,1996-01-26,"Private, ltd by shares"
3743,54396,"LING NAM WATCH CASE MANUFACTORY LIMITED
嶺南錶製造廠有限公司",1977-07-19,1993-07-29,"Private, ltd by shares"
3744,51019,LINGCO TOYS LIMITED,1977-01-07,1995-12-29,"Private, ltd by shares"
3745,53402,LINGUARAMA (FAR EAST) LIMITED,1977-05-24,1992-01-12,"Private, ltd by shares"
3746,52765,"LINK PUBLICITY & CREATIVITY LIMITED
靈通廣告創作有限公司",1977-04-26,1995-07-28,"Private, ltd by shares"
3747,56243,LINKCOME LIMITED,1977-10-28,,"Private, ltd by shares"
3748,55765,"LINKFORCE LIMITED
靈力有限公司",1977-09-30,,"Private, ltd by shares"
3749,56737,LINSANA DEVELOPMENT LIMITED,1977-11-22,1981-04-29,"Private, ltd by shares"
3750,56873,"LINSTAR LIMITED (d1986-11-27)
連士達有限公司",1977-11-29,1986-11-27,"Private, ltd by shares"
3751,57408,"LINTON INDUSTRIAL COMPANY LIMITED
聯通實業有限公司",1977-12-20,1995-09-22,"Private, ltd by shares"
3752,56045,LINUM INVESTMENTS LIMITED,1977-10-18,1994-07-29,"Private, ltd by shares"
3753,56626,"LINWOOD PLASTICS LIMITED
恩威有限公司",1977-11-15,1996-01-26,"Private, ltd by shares"
3754,57698,"LIONS ATHLETIC ASSOCIATION (HONG KONG) LIMITED
青獅體育會(香港)有限公司",1977-12-30,1996-09-27,Ltd by guarantee
3755,51400,LIPHOOK COMPANY LIMITED,1977-01-28,1980-04-25,"Private, ltd by shares"
3756,53354,LIPKLAND FINANCE (HK) LIMITED,1977-05-20,1999-09-10,"Private, ltd by shares"
3757,54886,"LIPPO HOLDING COMPANY LIMITED
力寶集團有限公司",1977-08-12,,"Private, ltd by shares"
3758,57109,LISA HOUSE INTERNATIONAL COMPANY LIMITED,1977-12-09,,"Private, ltd by shares"
3759,55091,"LISBOA SPORTSWEAR LIMITED
葡京製衣廠有限公司",1977-08-23,1998-10-09,"Private, ltd by shares"
3760,51278,"LISKA TRADING COMPANY LIMITED
利斯佳貿易有限公司",1977-01-21,1996-02-16,"Private, ltd by shares"
3761,51052,"LISTAR GARMENT FACTORY LIMITED
利士達製衣廠有限公司",1977-01-07,2011-09-02,"Private, ltd by shares"
3762,52117,"LISUN PLASTIC FACTORY LIMITED
麗新塑膠廠有限公司",1977-03-18,,"Private, ltd by shares"
3763,55259,LIVE KITCHENS LIMITED,1977-08-31,1990-02-23,"Private, ltd by shares"
3764,51300,LIVEWELL LAND INVESTMENT COMPANY LIMITED,1977-01-21,,"Private, ltd by shares"
3765,55297,LIVIBLE (H.K.) LIMITED,1977-09-02,1996-01-26,"Private, ltd by shares"
3766,54047,"LIVING INVESTMENT COMPANY LIMITED
利榮投資有限公司",1977-06-30,,"Private, ltd by shares"
3767,56160,"LLOYD FREIGHT INTERNATIONAL LIMITED
萊福國際貨運有限公司",1977-10-25,1982-05-28,"Private, ltd by shares"
3768,55318,LOADSTAR ENTERPRISES LIMITED,1977-09-06,1995-09-29,"Private, ltd by shares"
3769,54770,LOASA LIMITED,1977-08-05,1995-07-28,"Private, ltd by shares"
3770,53505,LOBITO TRADING LIMITED,1977-05-27,1994-05-27,"Private, ltd by shares"
3771,51698,"LOCK TAO SECONDARY SCHOOL LIMITED
樂道中學有限公司",1977-02-22,,Ltd by guarantee
3772,57018,"LOCKWELL INDUSTRIES LIMITED
樂和工業有限公司",1977-12-02,1995-09-29,"Private, ltd by shares"
3773,52755,LOCO TRADING COMPANY LIMITED,1977-04-26,1984-09-14,"Private, ltd by shares"
3774,56966,LODE LIMITED (d1993-08-27),1977-12-02,1993-08-27,"Private, ltd by shares"
3775,53167,LODEVE INVESTMENTS LIMITED,1977-05-13,1990-09-28,"Private, ltd by shares"
3776,56351,LODSWORTH LIMITED (d2009-02-10),1977-11-04,2009-02-10,"Private, ltd by shares"
3777,53352,LOFUNA CHEMISTRY AND RESEARCH COMPANY LIMITED,1977-05-20,1991-11-29,"Private, ltd by shares"
3778,56617,"LOGISTIC INDUSTRIAL SUPPLY COMPANY LIMITED
洛士工業器材有限公司",1977-11-15,,"Private, ltd by shares"
3779,51756,"LOK CHI ASSOCIATION LIMITED
樂智協會有限公司",1977-02-25,,Ltd by guarantee
3780,54832,"LOK KA DEVELOPMENT COMPANY LIMITED
洛偕發展有限公司",1977-08-09,1983-06-28,"Private, ltd by shares"
3781,53160,"LOK SING RESTAURANT LIMITED
樂聲酒樓有限公司",1977-05-13,1990-11-16,"Private, ltd by shares"
3782,53046,"LOLLY MERCHANDISING SERVICE LIMITED
樂利洋行有限公司",1977-05-06,,"Private, ltd by shares"
3783,52860,LOMOND INVESTMENTS LIMITED (d1987-01-10),1977-04-29,1987-01-10,"Private, ltd by shares"
3784,51800,LONDON PRODUCTS LIMITED (d1996-03-29),1977-02-25,1996-03-29,"Private, ltd by shares"
3785,54864,"LONG EXPRESS COMPANY LIMITED
長捷有限公司",1977-08-12,1986-10-09,"Private, ltd by shares"
3786,53882,"LONG FIELD GARMENTS MANUFACTURING COMPANY LIMITED
龍暉製衣廠有限公司",1977-06-22,2008-07-11,"Private, ltd by shares"
3787,56032,LONG GLORY LIMITED (d1996-05-24),1977-10-18,1996-05-24,"Private, ltd by shares"
3788,50963,"LONG LIFE GARDEN (H.K.) CO. LIMITED (d2012-08-17)
長壽園(香港)有限公司",1977-01-04,2012-08-17,"Private, ltd by shares"
3789,51615,LONG PROSPEROUS LIMITED (d2007-06-22),1977-02-11,2007-06-22,"Private, ltd by shares"
3790,56567,LONG WIN GARMENTS FACTORY LIMITED,1977-11-15,2003-10-17,"Private, ltd by shares"
3791,53661,"LONG WIN INVESTMENT COMPANY LIMITED
龍榮置業有限公司",1977-06-07,1996-05-31,"Private, ltd by shares"
3792,57568,"LONG YEARS ENTERPRISES LIMITED
樂意企業有限公司",1977-12-23,2000-06-30,"Private, ltd by shares"
3793,56186,LONGEVITY (NOMINEES) LIMITED,1977-10-25,,"Private, ltd by shares"
3794,55688,"LONGMAN ELECTRONICS LIMITED (d1980-05-30)
龍門電子有限公司",1977-09-27,1980-05-30,"Private, ltd by shares"
3795,54734,"LONGON (SECRETARIES AND NOMINEES) LIMITED
樂群(秘書受託)有限公司",1977-08-03,,"Private, ltd by shares"
3796,55556,"LONGSTONE LIMITED (d2003-08-15)
樂通有限公司",1977-09-16,2003-08-15,"Private, ltd by shares"
3797,54284,"LOO CHUNG LAND INVESTMENT COMPANY LIMITED
盧松置業有限公司",1977-07-15,2003-03-14,"Private, ltd by shares"
3798,52016,"LOONG TUNG INVESTMENT COMPANY LIMITED
龍通置業有限公司",1977-03-11,1995-12-29,"Private, ltd by shares"
3799,53480,"LOONG WAH PRINTING & BINDING COMPANY LIMITED
龍華印刷製本有限公司",1977-05-27,2017-06-19,"Private, ltd by shares"
3800,56212,"LOONG YEE DEVELOPMENTS LIMITED
龍懿發展有限公司",1977-10-28,2002-08-09,"Private, ltd by shares"
3801,54635,"LORAN ELECTRONICS LIMITED
樂力電子有限公司",1977-07-29,1989-09-09,"Private, ltd by shares"
3802,56371,LORD JOHN INTERNATIONAL LIMITED,1977-11-04,1992-01-31,"Private, ltd by shares"
3803,51070,"LORD KING (H.K.) LIMITED
隆徵(香港)有限公司",1977-01-11,1986-12-23,"Private, ltd by shares"
3804,57205,"LORGA BROTHERS LIMITED
羅家兄弟有限公司",1977-12-13,,"Private, ltd by shares"
3805,53207,LORIEL ENTERPRISES LIMITED,1977-05-13,2002-09-13,"Private, ltd by shares"
3806,51023,LOSOY LIMITED,1977-01-07,2001-08-17,"Private, ltd by shares"
3807,52490,LOTEREX MANAGEMENT LIMITED,1977-04-06,1996-02-16,"Private, ltd by shares"
3808,55488,LOTUS TRADING (FAR EAST) LIMITED,1977-09-13,1996-02-16,"Private, ltd by shares"
3809,52821,LOUIS VUITTON PACIFIC LIMITED,1977-04-29,,"Private, ltd by shares"
3810,51737,LOWEN INTERNATIONAL LIMITED,1977-02-22,2009-07-17,"Private, ltd by shares"
3811,51642,"LOWLANDS VENTURES (HONG KONG) LIMITED
隆利企業(香港)有限公司",1977-02-15,,"Private, ltd by shares"
3812,54954,LOXLEY LOBO LIMITED,1977-08-16,1986-04-08,"Private, ltd by shares"
3813,54292,"LPH SERVICES LIMITED (d1996-01-18)
林伯衡事務有限公司",1977-07-15,1996-01-18,"Private, ltd by shares"
3814,57024,LSG LUFTHANSA SERVICE HONG KONG LIMITED,1977-12-02,,"Private, ltd by shares"
3815,55334,LU & LO NOMINEE (HONGKONG) LIMITED,1977-09-06,1989-12-31,"Private, ltd by shares"
3816,54065,LUCENT (HONG KONG) LIMITED,1977-06-30,1981-05-29,"Private, ltd by shares"
3817,56236,LUCIANA ARRIGHI LIMITED,1977-10-28,2005-10-07,"Private, ltd by shares"
3818,53725,"LUCK-LOAD INTERNATIONAL LIMITED
立樂國際有限公司",1977-06-10,1994-02-25,"Private, ltd by shares"
3819,56620,"LUCKY STAR NIGHTCLUB LIMITED
幸運星夜總會有限公司",1977-11-15,1992-10-14,"Private, ltd by shares"
3820,51721,LUEN CHEE ENGINEERING COMPANY LIMITED,1977-02-22,1990-03-30,"Private, ltd by shares"
3821,56892,"LUEN FAT CHEUNG POLYTHENE BAG FACTORY LIMITED
聯發祥膠袋廠有限公司",1977-11-29,1998-09-04,"Private, ltd by shares"
3822,54863,"LUEN HING CONFECTIONERY LIMITED
聯興糖菓有限公司",1977-08-12,1996-01-26,"Private, ltd by shares"
3823,52411,"LUEN HOP FAT ENTERPRISES LIMITED
聯合發企業有限公司",1977-04-01,1984-05-17,"Private, ltd by shares"
3824,54704,"LUEN HOP FUNG WEAVING & DYEING FACTORY LIMITED
聯合豐織染廠有限公司",1977-08-03,2017-05-12,"Private, ltd by shares"
3825,53140,LUEN HOP PROPERTY INVESTMENT LIMITED,1977-05-10,,"Private, ltd by shares"
3826,54064,"LUEN KEE KNITTING FACTORY LIMITED
聯基織造廠有限公司",1977-06-30,1995-09-14,"Private, ltd by shares"
3827,52927,"LUEN ON CONSTRUCTION AND ENGINEERING WORK LIMITED
聯安建築工程有限公司",1977-05-03,1989-01-20,"Private, ltd by shares"
3828,54278,"LUEN SING TONG (FRIENDSHIP PROMOTION) LIMITED
聯聲堂(聯誼)有限公司",1977-07-15,,Ltd by guarantee
3829,51328,"LUEN TAI METAL WORKS LIMITED
聯大金屬製品廠有限公司",1977-01-25,1996-01-26,"Private, ltd by shares"
3830,55991,"LUEN TAK INDUSTRIAL COMPANY, LIMITED
聯德實業有限公司",1977-10-14,,"Private, ltd by shares"
3831,53593,LUEN YICK CONTAINER AND CARGO SERVICES LIMITED,1977-05-31,,"Private, ltd by shares"
3832,53592,"LUEN YICK MACHINERY AND ENGINEERING LIMITED
聯益機器機械工程有限公司",1977-05-31,2002-11-15,"Private, ltd by shares"
3833,53618,LUEN YICK MANAGEMENT (HOLDINGS) LIMITED,1977-06-03,1997-05-30,"Private, ltd by shares"
3834,51239,"LUEN YICK TAI INVESTMENT AND ENTERPRISES COMPANY LIMITED
聯益泰投資企業有限公司",1977-01-21,,"Private, ltd by shares"
3835,56908,LUI JIP (NOMINEES) LIMITED,1977-11-29,,"Private, ltd by shares"
3836,57214,"LUI KWONG DEVELOPMENT LIMITED
磊光發展有限公司",1977-12-13,1996-02-16,"Private, ltd by shares"
3837,56284,"LUK FU GYMNASIUM ASSOCIATION LIMITED
六富健身會所有限公司",1977-11-01,1998-09-18,Ltd by guarantee
3838,57448,"LUK FUK ENTERPRISES LIMITED (d1991-03-19)
祿福企業有限公司",1977-12-20,1991-03-19,"Private, ltd by shares"
3839,56142,"LUK YUNG INVESTMENT COMPANY LIMITED
綠榕投資有限公司",1977-10-25,1998-12-18,"Private, ltd by shares"
3840,57026,"LUMLEY PROPERTIES LIMITED (d1986-08-01)
德利祥置業有限公司",1977-12-02,1986-08-01,"Private, ltd by shares"
3841,55885,LUND LIMITED (d2013-05-16),1977-10-07,2013-05-16,"Private, ltd by shares"
3842,51464,"LUNG CHEUNG DEVELOPMENT COMPANY LIMITED
龍翔發展有限公司",1977-02-04,2020-06-09,"Private, ltd by shares"
3843,55106,"LUNG CHEUNG RESTAURANT LIMITED
龍祥大酒樓有限公司",1977-08-23,2001-11-09,"Private, ltd by shares"
3844,55683,LUNG MAU INTERNATIONAL LIMITED,1977-09-27,2003-04-25,"Private, ltd by shares"
3845,56500,"LUNG NGAI ENTERPRISES LIMITED
龍藝企業有限公司",1977-11-11,2003-10-10,"Private, ltd by shares"
3846,53827,"LUNG ON LAND INVESTMENT COMPANY LIMITED
龍安地產有限公司",1977-06-17,1986-03-30,"Private, ltd by shares"
3847,56795,LUNG SHING RESTAURANT LIMITED (d1996-09-29),1977-11-25,1996-09-29,"Private, ltd by shares"
3848,56403,"LUNG TAK ESTATES COMPANY LIMITED
隆德置業有限公司",1977-11-04,1996-01-17,"Private, ltd by shares"
3849,57555,LUPIN INVESTMENTS LIMITED,1977-12-23,,"Private, ltd by shares"
3850,56408,"LUTHERAN CHURCH - HONG KONG SYNOD LIMITED (THE)
香港路德會有限公司",1977-11-08,,Ltd by guarantee
3851,53545,"LUWASA HYDROCULTURE (H.K.) LIMITED
綠化水栽植物有限公司",1977-05-31,1998-09-04,"Private, ltd by shares"
3852,52871,LUXURIANCE LIMITED,1977-04-29,,"Private, ltd by shares"
3853,54056,LWF COMPANY LIMITED,1977-06-30,,"Private, ltd by shares"
3854,57497,"LX International (HK) Limited
樂爾幸商事(香港)有限公司",1977-12-23,,"Private, ltd by shares"
3855,52742,LYDIATE COMPANY LIMITED,1977-04-26,1994-03-16,"Private, ltd by shares"
3856,57006,LYDOM COMPANY LIMITED,1977-12-02,1981-02-11,"Private, ltd by shares"
3857,56866,"LYMPACT COMPANY LIMITED
林柏有限公司",1977-11-29,1991-02-22,"Private, ltd by shares"
3858,54830,M K S TRADING COMPANY LIMITED,1977-08-09,1996-01-26,"Private, ltd by shares"
3859,56983,"M.E. DEVELOPMENT & INVESTMENT, LIMITED",1977-12-02,1995-09-29,"Private, ltd by shares"
3860,56862,M.K. LAM (AGENCIES) COMPANY LIMITED,1977-11-29,,"Private, ltd by shares"
3861,56294,M.K. LAM (NOMINEES) COMPANY LIMITED,1977-11-01,,"Private, ltd by shares"
3862,52577,"M.U. CAMBRIDGE INSURANCE CO. (HONG KONG) LIMITED
香港劍橋保險有限公司",1977-04-15,1996-02-22,"Private, ltd by shares"
3863,54516,M.U. PROGRESSIVE INSURANCE COMPANY LIMITED,1977-07-26,1991-08-17,"Private, ltd by shares"
3864,54282,M.U. RELIANCE INSURANCE COMPANY LIMITED,1977-07-15,1991-12-16,"Private, ltd by shares"
3865,56218,M.V. LIMITED (d1995-09-29),1977-10-28,1995-09-29,"Private, ltd by shares"
3866,54342,"MA AND WUN DISTRICTS, TAI PO, RESIDENTS ASSOCIATION LIMITED
大埔馬碗區村民互助會有限公司",1977-07-19,1986-08-12,Ltd by guarantee
3867,53384,"MA FEE LOONG CHINESE MARTIAL ARTS AND PHYSICAL TRAINING GENERAL ASSOCIATION LIMITED
馬飛龍國術體育總會有限公司",1977-05-24,2009-12-04,Ltd by guarantee
3868,51062,"MA ON SHAN CHRISTIAN WELFARE ASSOCIATION, LIMITED (THE)
馬鞍山基督教福利會有限公司",1977-01-11,2003-09-05,Ltd by guarantee
3869,53342,"MA SHING YIP PILING & CONSTRUCTION LIMITED
成業打樁建築有限公司",1977-05-20,,"Private, ltd by shares"
3870,51663,"MA'S JEWELLERY COMPANY LIMITED
馬氏珠寶有限公司",1977-02-15,2015-09-11,"Private, ltd by shares"
3871,53469,MACDALE & COMPANY LIMITED,1977-05-27,1995-09-29,"Private, ltd by shares"
3872,52472,"MACINI INTERNATIONAL LIMITED
馬仙妮國際有限公司",1977-04-01,,"Private, ltd by shares"
3873,52029,"MACKERRAS INVESTMENT LIMITED
馬嘉利置業有限公司",1977-03-11,1983-06-18,"Private, ltd by shares"
3874,55129,MACLEAN-FOGG FASTENERS LIMITED,1977-08-26,1991-05-11,"Private, ltd by shares"
3875,53344,"MACMASTER TRADING COMPANY LIMITED
麥馬士貿易有限公司",1977-05-20,1997-04-18,"Private, ltd by shares"
3876,51114,"MACMILLAN PUBLISHERS (HONG KONG) LIMITED
麥美倫出版(香港)有限公司",1977-01-11,2011-09-02,"Private, ltd by shares"
3877,53026,"MACNAB DRUMMOND LIMITED
麥立澤文有限公司",1977-05-06,,"Private, ltd by shares"
3878,53058,MADISON (H.K.) LIMITED,1977-05-06,1997-03-13,"Private, ltd by shares"
3879,56028,"MADISON HAT AND BAG COMPANY, LIMITED
茂盛帽袋有限公司",1977-10-18,1990-12-28,"Private, ltd by shares"
3880,51913,MADRID FLYING AND FILM COMPANY LIMITED,1977-03-04,1995-07-28,"Private, ltd by shares"
3881,53906,"MAF CONTRACTORS LIMITED
美富營造有限公司",1977-06-22,1985-10-25,"Private, ltd by shares"
3882,53905,"MAF TRADING COMPANY LIMITED
美富貿易行有限公司",1977-06-22,1992-07-14,"Private, ltd by shares"
3883,56738,MAGCHEM INTERNATIONAL LIMITED,1977-11-22,1995-09-29,"Private, ltd by shares"
3884,56681,"MAGHULL ENTERPRISES COMPANY LIMITED
汝英達企業有限公司",1977-11-18,,"Private, ltd by shares"
3885,51447,MAGICSOUND COMPANY LIMITED,1977-02-01,2017-04-07,"Private, ltd by shares"
3886,54905,MAGNATE ENTERPRISES (HK) LIMITED,1977-08-12,1984-10-23,"Private, ltd by shares"
3887,51771,MAGNET TRADING CORPORATION (H.K.) LIMITED,1977-02-25,,"Private, ltd by shares"
3888,52142,"MAGNISOURCE LIMITED
龐源有限公司",1977-03-18,2018-11-02,"Private, ltd by shares"
3889,57046,MAGNUS & COOKE LIMITED,1977-12-06,2003-11-07,"Private, ltd by shares"
3890,54582,MAGNUS INTERNATIONAL LIMITED (d1995-07-28),1977-07-29,1995-07-28,"Private, ltd by shares"
3891,51231,"MAI LAI SUM RESTAURANT LIMITED
美麗心餐廳有限公司",1977-01-21,1995-07-28,"Private, ltd by shares"
3892,53721,MAINSAIL LIMITED (d1997-04-04),1977-06-10,1997-04-04,"Private, ltd by shares"
3893,55247,MAINTOP FASHIONS LIMITED,1977-08-31,1995-12-29,"Private, ltd by shares"
3894,51914,MAINTOWN INVESTMENTS LIMITED,1977-03-04,2003-07-04,"Private, ltd by shares"
3895,54300,"MAINWAY COMPANY LIMITED
民威有限公司",1977-07-15,1995-09-29,"Private, ltd by shares"
3896,57345,"MAINWEAR FASHIONS FACTORY LIMITED
名威製衣廠有限公司",1977-12-20,2003-11-28,"Private, ltd by shares"
3897,53297,"MAISIE ORCHIDS COMPANY LIMITED
美思蘭場有限公司",1977-05-17,2000-03-17,"Private, ltd by shares"
3898,57201,"MAJESTIC RECORDS COMPANY LIMITED(THE)
大華唱片有限公司",1977-12-13,1996-02-16,"Private, ltd by shares"
3899,52193,"MAKER INDUSTRIAL COMPANY LIMITED
美嘉實業有限公司",1977-03-22,1988-09-09,"Private, ltd by shares"
3900,54109,MAKHOSON INTERNATIONAL LIMITED,1977-07-05,,"Private, ltd by shares"
3901,55311,"MAKS FOUNDATION LIMITED
麥氏基金有限公司",1977-09-06,2014-07-23,Ltd by guarantee
3902,55005,MALAYSIAN OIL MARKETERS LIMITED,1977-08-19,2000-03-17,"Private, ltd by shares"
3903,54904,MALBEN CONSULTANTS LIMITED,1977-08-12,1997-03-07,"Private, ltd by shares"
3904,55175,"MALINA WONG & COMPANY LIMITED
升恒有限公司",1977-08-26,,"Private, ltd by shares"
3905,54647,"MAN CHEUK LAU COMPANY, LIMITED
萬爵樓有限公司",1977-07-29,1987-05-27,"Private, ltd by shares"
3906,56683,MAN Energy Solutions Hong Kong Limited,1977-11-18,,"Private, ltd by shares"
3907,56335,"MAN FOOK HAN COMPANY LIMITED
萬福興有限公司",1977-11-01,2010-05-08,"Private, ltd by shares"
3908,57624,"MAN HING ELECTRICAL MANUFACTURING FACTORY LIMITED
文興電器製造廠有限公司",1977-12-28,1996-02-16,"Private, ltd by shares"
3909,52485,"MAN HING LUNG PLASTIC MATERIALS LIMITED
萬興隆塑膠原料有限公司",1977-04-01,1998-02-20,"Private, ltd by shares"
3910,52201,"MAN HING YIP FUNG KEE ENGINEERING LIMITED
文興業豐記工程有限公司",1977-03-22,2013-10-25,"Private, ltd by shares"
3911,57278,"MAN KEE JEWELLERY COMPANY LIMITED
文記珠寶有限公司",1977-12-16,1995-09-29,"Private, ltd by shares"
3912,53114,"MAN KWOK FILM PRODUCTION COMPANY LIMITED
萬國電影有限公司",1977-05-10,1985-08-30,"Private, ltd by shares"
3913,57561,"MAN LEE MEAT COMPANY LIMITED
民利肉食有限公司",1977-12-23,1983-02-23,"Private, ltd by shares"
3914,55967,"MAN MING OPTICAL COMPANY (H.K.) LIMITED
文明眼鏡(香港)有限公司",1977-10-14,2006-07-14,"Private, ltd by shares"
3915,54178,"MAN MO KWONG MING COMPANY LIMITED
文武光明有限公司",1977-07-08,1996-01-26,"Private, ltd by shares"
3916,55783,"MAN MOU ENTERPRISES LIMITED
萬茂企業有限公司",1977-10-04,2003-08-29,"Private, ltd by shares"
3917,53454,"MAN NIN ASSOCIATION LIMITED
萬年會所有限公司",1977-05-27,1987-01-15,Ltd by guarantee
3918,53149,"MAN SUN WEAVING & DYEING LIMITED
萬新織染有限公司",1977-05-13,,"Private, ltd by shares"
3919,53290,MAN TAT MAGAZINES LIMITED,1977-05-17,1995-09-29,"Private, ltd by shares"
3920,55046,"MAN TUNG GARMENT MANUFACTURING COMPANY LIMITED
萬通製衣廠有限公司",1977-08-19,1978-08-05,"Private, ltd by shares"
3921,51596,"MAN WO CHONG INVESTMENT COMPANY LIMITED
萬和昌置業有限公司",1977-02-11,1992-09-16,"Private, ltd by shares"
3922,51996,"MAN WO MANUFACTURERS LIMITED
文和製造廠有限公司",1977-03-11,1988-04-13,"Private, ltd by shares"
3923,53712,MANAGEMENT ASIAN STYLE SERVICES LIMITED,1977-06-10,1979-09-15,"Private, ltd by shares"
3924,54549,MANAGEMENT FORUM LIMITED (d2002-02-15),1977-07-26,2002-02-15,"Private, ltd by shares"
3925,54405,MANAGEMENT INFORMATION AND CONTROL SYSTEMS LIMITED,1977-07-22,1980-09-26,"Private, ltd by shares"
3926,51632,MANAGEMENT TRADE AND FINANCE LIMITED,1977-02-15,1995-08-25,"Private, ltd by shares"
3927,53312,"MANCO PROPERTIES LIMITED (d1993-07-30)
敏豪置業有限公司",1977-05-17,1993-07-30,"Private, ltd by shares"
3928,55999,"MANDA ELECTRONIC COMPANY LIMITED
文達電子有限公司",1977-10-14,2003-09-05,"Private, ltd by shares"
3929,52667,"MANDAREX SYNDICATE COMPANY (HONG KONG) LIMITED
萬達士企業(香港)有限公司",1977-04-22,1995-07-28,"Private, ltd by shares"
3930,52909,"MANDARIN ENGINEERING COMPANY (H.K.) LIMITED
文華工程(香港)有限公司",1977-05-03,,"Private, ltd by shares"
3931,52458,MANDEX ENTERPRISES LIMITED,1977-04-01,2000-11-24,"Private, ltd by shares"
3932,57557,"MANDOM INN LIMITED
猛龍小館有限公司",1977-12-23,1981-08-16,"Private, ltd by shares"
3933,51346,MANDOSEN COMPANY LIMITED,1977-01-28,2012-01-20,"Private, ltd by shares"
3934,51987,"MANFOOKTON COMPANY LIMITED
萬福臨有限公司",1977-03-08,1995-07-28,"Private, ltd by shares"
3935,51495,"MANGAN LIMITED (d2011-03-18)
萬勤有限公司",1977-02-04,2011-03-18,"Private, ltd by shares"
3936,51950,MANILA & HONG KONG CAPITAL CORPORATION LIMITED,1977-03-08,2001-04-06,"Private, ltd by shares"
3937,54606,"MANIWA ENTERTAINMENT COMPANY LIMITED
萬利華娛樂有限公司",1977-07-29,1998-01-03,"Private, ltd by shares"
3938,57652,"MANLIVER INDUSTRIAL LIMITED
萬年華實業有限公司",1977-12-28,1996-02-16,"Private, ltd by shares"
3939,56623,"MANNERS BOOKS AND PUBLICATIONS LIMITED
萬亞書局有限公司",1977-11-15,,"Private, ltd by shares"
3940,54153,MANNEX MANAGEMENT LIMITED (d1986-02-13),1977-07-08,1986-02-13,"Private, ltd by shares"
3941,52635,"MANNICS INDUSTRIES CO., LIMITED
萬能士工業有限公司",1977-04-19,1996-11-29,"Private, ltd by shares"
3942,57522,MANOR TOP INVESTMENTS LIMITED,1977-12-23,,"Private, ltd by shares"
3943,54339,MANSUR GALLERIES LIMITED,1977-07-15,1996-01-26,"Private, ltd by shares"
3944,53179,"MANWISE INVESTMENT COMPANY LIMITED
文威投資有限公司",1977-05-13,,"Private, ltd by shares"
3945,54075,MARATHON MARKETING LIMITED (d1997-03-04),1977-06-30,1997-03-04,"Private, ltd by shares"
3946,51656,"MARC IMPORTS LIMITED
萬達入口有限公司",1977-02-15,2001-12-14,"Private, ltd by shares"
3947,55489,MARCO FUR (ASIA) LIMITED,1977-09-13,,"Private, ltd by shares"
3948,57477,"MARCO INTERNATIONAL MANAGEMENT COMPANY LIMITED
瑪寶國際管理有限公司",1977-12-23,,"Private, ltd by shares"
3949,53229,MARCOTEX INTERNATIONAL LIMITED,1977-05-13,1985-12-26,"Private, ltd by shares"
3950,51935,MARGATE INVESTMENTS LIMITED (d2014-03-14),1977-03-04,2014-03-14,"Private, ltd by shares"
3951,57320,MARGUERITE LEE LIMITED,1977-12-16,,"Private, ltd by shares"
3952,54627,MARIANNE TRADING LIMITED (d2016-12-23),1977-07-29,2016-12-23,"Private, ltd by shares"
3953,53049,MARICO ENGINEERING (H.K.) LIMITED,1977-05-06,,"Private, ltd by shares"
3954,56741,MARIGOLD RESTAURANT LIMITED (d1993-10-12),1977-11-22,1993-10-12,"Private, ltd by shares"
3955,54035,MARIGOLD TOYS LIMITED,1977-06-28,1991-09-20,"Private, ltd by shares"
3956,57056,MARINA CITY LIMITED,1977-12-06,1996-03-15,"Private, ltd by shares"
3957,57499,"MARINE PRECEST LIMITED
海事工程有限公司",1977-12-23,1984-10-26,"Private, ltd by shares"
3958,54352,MARIO (HONG KONG) LIMITED,1977-07-19,,"Private, ltd by shares"
3959,57537,MARIO VALENTINO COMPANY LIMITED,1977-12-23,2000-03-17,"Private, ltd by shares"
3960,57076,MARITIME COMMODITIES LIMITED,1977-12-06,1999-06-26,"Private, ltd by shares"
3961,53234,MARK ALLEN LIMITED (d1995-09-29),1977-05-13,1995-09-29,"Private, ltd by shares"
3962,57074,"MARKASIA (HONG KONG) LIMITED
美琪(香港)有限公司",1977-12-06,,"Private, ltd by shares"
3963,51648,"MARKETA INTERNATIONAL LIMITED
聞達國際有限公司",1977-02-15,,"Private, ltd by shares"
3964,56685,MARKETING AND DISTRIBUTION INTERNATIONAL LIMITED,1977-11-18,1995-07-28,"Private, ltd by shares"
3965,54708,MARKETING CONCEPTS - EAST LIMITED,1977-08-03,1990-08-31,"Private, ltd by shares"
3966,55171,MARKETING CONSULTANTS OVERSEAS LIMITED,1977-08-26,1987-11-06,"Private, ltd by shares"
3967,56276,MARKETING DYNAMICS LIMITED (d1995-12-29),1977-10-28,1995-12-29,"Private, ltd by shares"
3968,52949,MARKETRITE FILMS 1977 LIMITED,1977-05-03,1995-09-29,"Private, ltd by shares"
3969,52792,MARKHAM-BRYDGES LIMITED,1977-04-29,1996-04-26,"Private, ltd by shares"
3970,56865,"MARKLIEN SAHE PAPER INDUSTRIES LIMITED
香港馬其聯沙河造紙有限公司",1977-11-29,2000-09-15,"Private, ltd by shares"
3971,51161,MARKOR INTERNATIONAL LIMITED,1977-01-14,1982-06-18,"Private, ltd by shares"
3972,57100,"MARKSROLL COMPANY LIMITED
萬獅龍有限公司",1977-12-09,2001-09-21,"Private, ltd by shares"
3973,51465,"MARS AIR FREIGHT LIMITED
萬盛航空貨運有限公司",1977-02-04,2014-04-17,"Private, ltd by shares"
3974,57428,MARSCO MARINE SUPPLIES LIMITED,1977-12-20,2004-10-15,"Private, ltd by shares"
3975,51334,"MARSEILLE RESTAURANT (H.K.) LIMITED
馬賽餐廳(香港)有限公司",1977-01-25,1992-04-26,"Private, ltd by shares"
3976,51137,MARSHALL GARMENTS MANUFACTORY LIMITED,1977-01-14,2001-08-17,"Private, ltd by shares"
3977,53868,MART ELECTRONICS LIMITED,1977-06-17,1995-09-29,"Private, ltd by shares"
3978,55996,"MARTELL FAR EAST TRADING LIMITED
馬爹利酒廠遠東貿易有限公司",1977-10-14,,"Private, ltd by shares"
3979,56916,MARY MARTIN BOOKSHOP HK LIMITED,1977-11-29,1992-03-12,"Private, ltd by shares"
3980,53420,MARYLEBONE MANAGEMENTS LIMITED,1977-05-24,1991-05-31,"Private, ltd by shares"
3981,57066,MASHAND INVESTMENTS LIMITED,1977-12-06,1995-12-29,"Private, ltd by shares"
3982,55250,MASHEDER COMPANY LIMITED,1977-08-31,1983-12-30,"Private, ltd by shares"
3983,56293,MASKOHJI TRADING LIMITED,1977-11-01,1987-01-23,"Private, ltd by shares"
3984,51977,MASON BROWNE INVESTMENT CO. LIMITED,1977-03-08,1987-12-22,"Private, ltd by shares"
3985,57709,MASON CONTRACTORS LIMITED (d2006-06-09),1977-12-30,2006-06-09,"Private, ltd by shares"
3986,55358,MASON INDUSTRIAL LIMITED (d1995-09-29),1977-09-06,1995-09-29,"Private, ltd by shares"
3987,51119,MASPAC ASIA PACIFIC TRADING LIMITED,1977-01-14,2001-08-17,"Private, ltd by shares"
3988,55677,MASSAGE TOTALE LIMITED,1977-09-27,2008-02-06,"Private, ltd by shares"
3989,51878,"MASSTEK ELECTRONICS COMPANY LIMITED
聞時達電子有限公司",1977-03-04,1995-10-27,"Private, ltd by shares"
3990,54854,"MASSY TRADING COMPANY LIMITED
萬成貿易有限公司",1977-08-09,1984-01-12,"Private, ltd by shares"
3991,54199,MASTERCRAFT LIMITED (d1995-09-29),1977-07-08,1995-09-29,"Private, ltd by shares"
3992,54503,"MASTEX IMPEX LIMITED
萬達先有限公司",1977-07-26,2009-02-02,"Private, ltd by shares"
3993,55824,MATEK SUPPLIES LIMITED,1977-10-04,2003-08-29,"Private, ltd by shares"
3994,55817,MATOOK COMPANY LIMITED,1977-10-04,1988-04-22,"Private, ltd by shares"
3995,57587,MATSON COMPANY LIMITED,1977-12-23,2008-08-15,"Private, ltd by shares"
3996,56387,MATSUMOTO KAISAN (H.K.) LIMITED,1977-11-04,1996-05-31,"Private, ltd by shares"
3997,53674,MATSUOKA TRADING COMPANY LIMITED,1977-06-07,1995-07-28,"Private, ltd by shares"
3998,57674,MAURIELLO (HONG KONG) LIMITED,1977-12-28,,"Private, ltd by shares"
3999,52445,"MAXI MANAGEMENT (H.K.) LIMITED
美士管理(香港)有限公司",1977-04-01,2013-12-06,"Private, ltd by shares"
4000,55553,"MAXKING CONCRETE COMPANY LIMITED
萬君混凝土有限公司",1977-09-16,2012-01-13,"Private, ltd by shares"
4001,55605,MAXMILLION INTERNATIONAL AGENCY LIMITED,1977-09-20,2003-08-15,"Private, ltd by shares"
4002,56693,MAY & KAY COMPANY LIMITED,1977-11-18,,"Private, ltd by shares"
4003,51084,"MAY FAIR INTERIOR DESIGN COMPANY LIMITED
美化室內設計有限公司",1977-01-11,1995-09-29,"Private, ltd by shares"
4004,56745,"MAY FUNG DESIGN & OFFSET PRINTING LIMITED
美豐設計柯式印刷有限公司",1977-11-22,1981-07-31,"Private, ltd by shares"
4005,52074,"MAY FUNG TOURS LIMITED
美豐旅遊有限公司",1977-03-15,2000-08-18,"Private, ltd by shares"
4006,51460,"MAYFAIR HANDBAG FACTORY LIMITED
美化手袋廠有限公司",1977-02-04,1995-07-28,"Private, ltd by shares"
4007,55229,MAYFIELD INVESTMENT COMPANY LIMITED,1977-08-31,2001-11-16,"Private, ltd by shares"
4008,51434,"MAYFORD ENTERPRISES LIMITED (d1995-07-28)
美風企業有限公司",1977-02-01,1995-07-28,"Private, ltd by shares"
4009,54883,MAYNOX LIMITED,1977-08-12,2003-05-16,"Private, ltd by shares"
4010,52375,"MAYSON LEATHER WARES & TRADING COMPANY LIMITED
美誠皮具貿易有限公司",1977-03-29,2003-12-19,"Private, ltd by shares"
4011,53186,MBV FAR EAST (HONG KONG) LIMITED,1977-05-13,,"Private, ltd by shares"
4012,54732,MCCASLIN ENTERPRISES COMPANY LIMITED,1977-08-03,1982-06-18,"Private, ltd by shares"
4013,56754,MCDONALDS PROMOTIONS LIMITED,1977-11-22,1995-12-29,"Private, ltd by shares"
4014,53043,MCGUIRE INVESTMENT LIMITED,1977-05-06,1992-01-31,"Private, ltd by shares"
4015,52227,"MCKIBBIN DIMMITT ENGINEERING CONSULTANTS, LIMITED",1977-03-25,1995-09-29,"Private, ltd by shares"
4016,55468,"MCMY WORLD-WIDE LIMITED
美滿世界有限公司",1977-09-13,,"Private, ltd by shares"
4017,55997,"ME CHEUNG ENGINEERING & DECORATION LIMITED
美昌工程裝飾有限公司",1977-10-14,,"Private, ltd by shares"
4018,54149,"MEAT PROVISIONS ASSOCIATION (SHATIN) LIMITED
沙田肉聯商會有限公司",1977-07-08,,Ltd by guarantee
4019,56491,"MEDIA CONSULTANCY LIMITED (HK)
美迪顧問有限公司",1977-11-11,,"Private, ltd by shares"
4020,52606,MEDIAVISION ENTERTAINMENT LIMITED,1977-04-15,2002-06-14,"Private, ltd by shares"
4021,51910,MEE NGAI (C.K.) MANUFACTURING COMPANY LIMITED,1977-03-04,1995-08-25,"Private, ltd by shares"
4022,51107,"MEE YUM INTERNATIONAL COMPANY LIMITED
美任國際有限公司",1977-01-11,2006-03-31,"Private, ltd by shares"
4023,51166,MEGASIA LIMITED (d1995-09-29),1977-01-14,1995-09-29,"Private, ltd by shares"
4024,54501,MEGATON INTERNATIONAL HEAVY LIFT TRANSPORTATION COMPANY LIMITED,1977-07-26,1995-08-18,"Private, ltd by shares"
4025,54168,"MEI FAI HATS INTERNATIONAL MANUFACTURING COMPANY LIMITED
美輝製帽國際有限公司",1977-07-08,,"Private, ltd by shares"
4026,54132,MEI HEUNG LAND COMPANY LIMITED,1977-07-05,1983-03-11,"Private, ltd by shares"
4027,54017,"MEI KA MEI TRADING COMPANY LIMITED (d1996-11-29)
美嘉美貿易有限公司",1977-06-28,1996-11-29,"Private, ltd by shares"
4028,54100,"MEI NGOR TRADING CO. LIMITED
美娥貿易有限公司",1977-07-05,,"Private, ltd by shares"
4029,56583,"MEI TAK CHEUNG GARMENT FACTORY LIMITED
美得長製衣廠有限公司",1977-11-15,1992-10-30,"Private, ltd by shares"
4030,54745,MEIJYU MOKUZAI LIMITED,1977-08-05,1991-01-09,"Private, ltd by shares"
4031,54489,MEKMANI COMPANY LIMITED,1977-07-22,,"Private, ltd by shares"
4032,51214,MEKONG MERCHANTS LIMITED,1977-01-18,1995-08-25,"Private, ltd by shares"
4033,52712,MELANIE LIMITED (d1979-08-17),1977-04-22,1979-08-17,"Private, ltd by shares"
4034,56056,"MELBOURNE ELECTRONIC PRODUCTS COMPANY LIMITED
萬邦電子製品有限公司",1977-10-18,1990-12-24,"Private, ltd by shares"
4035,51804,"MELBOURNE TRAVEL & TRADING (H.K.) LIMITED
萬邦旅遊貿易(香港)有限公司",1977-02-25,1981-02-27,"Private, ltd by shares"
4036,54857,MELCHAN COMPANY LIMITED,1977-08-12,1982-06-11,"Private, ltd by shares"
4037,52560,"MELITTA MARKETING (H.K.) LIMITED
美樂家銷務(香港)有限公司",1977-04-12,1999-06-17,"Private, ltd by shares"
4038,52038,"MENGELBERG INVESTMENT LIMITED
萬根堡置業有限公司",1977-03-11,1987-08-25,"Private, ltd by shares"
4039,56596,"MENTON AGENCY LIMITED
明通代理有限公司",1977-11-15,1997-06-27,"Private, ltd by shares"
4040,52162,"MENTON BUILDING MATERIAL SUPPLIERS LIMITED
明通建築材料有限公司",1977-03-18,2002-03-08,"Private, ltd by shares"
4041,55423,"MENTON ELECTRICAL APPLIANCES LIMITED
明通電業有限公司",1977-09-09,1995-09-29,"Private, ltd by shares"
4042,52911,MERCHANDISING & DISTRIBUTORS LIMITED,1977-05-03,1995-09-29,"Private, ltd by shares"
4043,55616,MERCHISTON ENTERPRISES LIMITED (d1986-09-23),1977-09-20,1986-09-23,"Private, ltd by shares"
4044,56703,MERCIS HONG KONG LIMITED,1977-11-18,1999-06-12,"Private, ltd by shares"
4045,53775,MERCOM COMPANY LIMITED,1977-06-14,1985-11-27,"Private, ltd by shares"
4046,53281,MERCURY PRODUCTS (H.K.) LIMITED,1977-05-17,1995-09-29,"Private, ltd by shares"
4047,51583,"MERIAN WATCH COMPANY, LIMITED
美利安鐘錶有限公司",1977-02-11,2001-11-16,"Private, ltd by shares"
4048,55264,MERICA TRADING CO. LIMITED,1977-08-31,2003-07-18,"Private, ltd by shares"
4049,53850,"MERIT ENGINEERING COMPANY LIMITED (d2000-10-13)
現代冷氣工程有限公司",1977-06-17,2000-10-13,"Private, ltd by shares"
4050,53667,"MERIT FUR MANUFACTURING FACTORY LIMITED
妙藝皮草製造廠有限公司",1977-06-07,1999-05-14,"Private, ltd by shares"
4051,53134,MERLIN MARKETING LIMITED (d1991-09-08),1977-05-10,1991-09-08,"Private, ltd by shares"
4052,51014,"MERRY ROUND REALTY LIMITED
好轉置業有限公司",1977-01-07,2012-08-24,"Private, ltd by shares"
4053,55980,"MERRY TUNE COMPANY LIMITED
萬里通有限公司",1977-10-14,1990-04-04,"Private, ltd by shares"
4054,57532,"MERRYWEATHER COMPANY LIMITED
順景漁業發展有限公司",1977-12-23,2003-11-28,"Private, ltd by shares"
4055,53800,METAFIL INDUSTRIES (FAR EAST) LIMITED,1977-06-17,1996-07-05,"Private, ltd by shares"
4056,56198,"METEOR (HONG KONG) LIMITED (d2009-07-22)
美的廊(香港)有限公司",1977-10-25,2009-07-22,"Private, ltd by shares"
4057,51248,"METFIN HONGKONG LIMITED
美輝集團股份有限公司",1977-01-21,,"Private, ltd by shares"
4058,51980,"METROGEMS LIMITED
美寶寶石有限公司",1977-03-08,1995-07-28,"Private, ltd by shares"
4059,54913,METROPOLITAN PENSIONS ASSOCIATION (ASIA) LIMITED,1977-08-12,1992-08-11,"Private, ltd by shares"
4060,57512,"MEW MEW CHILDREN'S SUPERMART LIMITED
貓貓兒童屋有限公司",1977-12-23,1995-07-28,"Private, ltd by shares"
4061,53928,"MEXWELL INDUSTRIAL LIMITED
宏興工業有限公司",1977-06-22,,"Private, ltd by shares"
4062,51815,"MEYER WATCH CASE MANUFACTURING COMPANY LIMITED
美亞錶製造廠有限公司",1977-03-01,2002-02-15,"Private, ltd by shares"
4063,55207,"MICAMI TRADING COMPANY LIMITED
美加美貿易有限公司",1977-08-31,1996-02-16,"Private, ltd by shares"
4064,56150,"MICHAEL CHIU AND COMPANY, LIMITED",1977-10-25,1989-07-22,"Private, ltd by shares"
4065,53696,"MICHEL RENE LIMITED
馬獅龍有限公司",1977-06-10,,"Private, ltd by shares"
4066,56739,MICHELAND LIMITED,1977-11-22,1987-03-23,"Private, ltd by shares"
4067,57153,MICRO EDP LIMITED,1977-12-13,1996-02-16,"Private, ltd by shares"
4068,55821,MICRO TECHENICA (H.K.) LIMITED,1977-10-04,1997-01-31,"Private, ltd by shares"
4069,55627,"MID SOUTH (PETROLEUM) LIMITED
中南(石油)有限公司",1977-09-23,1996-02-16,"Private, ltd by shares"
4070,53588,MIDDLE EAST BLOODSTOCK COMPANY LIMITED,1977-05-31,2002-10-25,"Private, ltd by shares"
4071,56816,MIDDLETON ROSE CONSULTANTS LIMITED,1977-11-25,2003-10-17,"Private, ltd by shares"
4072,51401,MIDHURST INVESTMENTS LIMITED (d1993-12-01),1977-01-28,1993-12-01,"Private, ltd by shares"
4073,55851,"MIGHTY GOOD INVESTMENT LIMITED
認真好投資有限公司",1977-10-07,2003-08-29,"Private, ltd by shares"
4074,53503,MIGHTY STAR INTERNATIONAL LIMITED (d2005-05-20),1977-05-27,2005-05-20,"Private, ltd by shares"
4075,54274,"MIKOSA TRADING COMPANY LIMITED
茂高時貿易有限公司",1977-07-12,2004-06-18,"Private, ltd by shares"
4076,54983,MILADDO INVESTMENT LIMITED,1977-08-16,2001-08-24,"Private, ltd by shares"
4077,54458,"MILANO COMPANY LIMITED (d2000-03-17)
美安隆有限公司",1977-07-22,2000-03-17,"Private, ltd by shares"
4078,54713,MILD WILD LIMITED,1977-08-03,1988-09-16,"Private, ltd by shares"
4079,52990,MILGATE INVESTMENT LIMITED,1977-05-06,2001-05-18,"Private, ltd by shares"
4080,57596,"MILGURT ENTERPRISES LIMITED
美力嘉企業有限公司",1977-12-28,2014-01-18,"Private, ltd by shares"
4081,55477,"MILLIONGEM LIMITED
百萬寶有限公司",1977-09-13,2003-08-15,"Private, ltd by shares"
4082,51827,MILRACE INVESTMENT LIMITED,1977-03-01,1984-11-14,"Private, ltd by shares"
4083,54820,MILTOMAN LIMITED,1977-08-09,1983-11-04,"Private, ltd by shares"
4084,55226,MILTON FINANCE LIMITED,1977-08-31,,"Private, ltd by shares"
4085,52405,"MIN XIN (NOMINEE) LIMITED
閩信(代理人)有限公司",1977-04-01,,"Private, ltd by shares"
4086,56358,"MIN XIN DEVELOPMENT (H.K.) LIMITED
閩信發展(香港)有限公司",1977-11-04,2001-07-27,"Private, ltd by shares"
4087,52419,"MINAMOTO CULTURAL ENTERPRISES LIMITED
水源文化企業有限公司",1977-04-01,1995-12-29,"Private, ltd by shares"
4088,56887,"MINDEN GAI LIMITED
名店街有限公司",1977-11-29,1984-08-17,"Private, ltd by shares"
4089,56886,MINDEN PLAZA LIMITED,1977-11-29,1984-05-24,"Private, ltd by shares"
4090,52451,MINE DEVELOPMENT COMPANY LIMITED,1977-04-01,1983-01-20,"Private, ltd by shares"
4091,51936,"MINEHEAD INVESTMENTS LIMITED
萬合投資有限公司",1977-03-04,,"Private, ltd by shares"
4092,55695,"MINEREX CONSTRUCTION LIMITED
萬利事建築有限公司",1977-09-27,1995-08-25,"Private, ltd by shares"
4093,52069,"MINEREX ENTERPRISES LIMITED
萬利事企業有限公司",1977-03-15,1995-11-24,"Private, ltd by shares"
4094,51894,MINERVA INVESTMENTS LIMITED (d1995-12-29),1977-03-04,1995-12-29,"Private, ltd by shares"
4095,53336,"MING FU TOURS ENTERPRISES LIMITED
明富旅遊企業有限公司",1977-05-20,2000-03-17,"Private, ltd by shares"
4096,51734,"MING FUNG LUNG REALTY LIMITED
明豐隆置業有限公司",1977-02-22,,"Private, ltd by shares"
4097,57245,"MING HEI COMPANY LIMITED
明熙有限公司",1977-12-16,,"Private, ltd by shares"
4098,52910,"MING HENG PAPER COMPANY LIMITED
明興洋紙有限公司",1977-05-03,2002-07-12,"Private, ltd by shares"
4099,56650,"MING HING BAGS & PRINTING LIMITED
明興袋廠印刷有限公司",1977-11-18,,"Private, ltd by shares"
4100,53372,"MING HING TEXTILE LIMITED
明興紡織有限公司",1977-05-20,1986-08-20,"Private, ltd by shares"
4101,52273,"MING HSING INDUSTRIAL COMPANY LIMITED
明誠實業有限公司",1977-03-25,2002-10-11,"Private, ltd by shares"
4102,52581,"MING KENG PROPERTY DEVELOPMENT COMPANY LIMITED
明堅地產發展有限公司",1977-04-15,1991-07-26,"Private, ltd by shares"
4103,55551,"MING KIU ENTERPRISES LIMITED
明橋企業有限公司",1977-09-16,,"Private, ltd by shares"
4104,52987,"MING LAI INVESTMENT COMPANY LIMITED
明麗置業有限公司",1977-05-06,2011-11-04,"Private, ltd by shares"
4105,54677,"MING SHING JEWELS (HONG KONG) LIMITED
明成珠寶(香港)有限公司",1977-08-03,1995-10-27,"Private, ltd by shares"
4106,57632,"MING SHING LEE TRADING COMPANY LIMITED
明成利貿易有限公司",1977-12-28,1995-07-28,"Private, ltd by shares"
4107,55446,"MING TAI BUILDING MATERIAL SUPPLIERS COMPANY, LIMITED
明泰建築材料有限公司",1977-09-13,1996-01-26,"Private, ltd by shares"
4108,55727,"MING TAK BUDDHIST ASSOCIATION LIMITED
明德佛堂有限公司",1977-09-30,,Ltd by guarantee
4109,56370,"MING TYE LOONG LIMITED
明泰隆有限公司",1977-11-04,2002-04-12,"Private, ltd by shares"
4110,55714,"MING WAH DYEING AND PRINTING WORKS LIMITED
明華印染廠有限公司",1977-09-27,1984-04-04,"Private, ltd by shares"
4111,51760,"MING WAH TONG ENTERPRISES COMPANY LIMITED
明華堂企業有限公司",1977-02-25,,"Private, ltd by shares"
4112,54032,"MING YUEN INDUSTRIAL COMPANY LIMITED
明遠實業有限公司",1977-06-28,2001-03-23,"Private, ltd by shares"
4113,52274,MINNECO INTERNATIONAL LIMITED,1977-03-25,1984-12-27,"Private, ltd by shares"
4114,56921,"MINTAC TRADING COMPANY LIMITED
明泰貿易有限公司",1977-11-29,2002-05-10,"Private, ltd by shares"
4115,52991,MINTY HONGKONG LIMITED,1977-05-06,,"Private, ltd by shares"
4116,55018,MIRABEL COMPANY LIMITED,1977-08-19,1984-07-13,"Private, ltd by shares"
4117,53780,"MIRACLE ELECTRONIC FACTORY LIMITED
美力高電子廠有限公司",1977-06-14,1992-10-19,"Private, ltd by shares"
4118,52315,"MIRACLE KNITTERS LIMITED
美利高織造有限公司",1977-03-25,1996-01-26,"Private, ltd by shares"
4119,57042,MIRAMAR FINANCE LIMITED,1977-12-06,,"Private, ltd by shares"
4120,53830,"MIRAMAR IMPORT AND EXPORT COMPANY LIMITED
美麗華進出口有限公司",1977-06-17,2001-11-16,"Private, ltd by shares"
4121,51598,"MIRAMAR TRAVEL AGENCY LIMITED
美麗華旅遊有限公司",1977-02-11,2003-06-27,"Private, ltd by shares"
4122,57633,"MIRROR POST CULTURAL ENTERPRISES COMPANY, LIMITED (THE)
鏡報文化企業有限公司",1977-12-28,,"Private, ltd by shares"
4123,51710,"MISS KNIT COMPANY, LIMITED",1977-02-22,1981-02-27,"Private, ltd by shares"
4124,56773,"MITEL (ASIA) LIMITED
敏廸電訊(亞洲)有限公司",1977-11-22,1992-04-10,"Private, ltd by shares"
4125,55886,"MITONY (FAR EAST) LIMITED
美通利(遠東)有限公司",1977-10-07,,"Private, ltd by shares"
4126,51386,"MITRE INTERNATIONAL LIMITED
聖冠國際有限公司",1977-01-28,1985-03-29,"Private, ltd by shares"
4127,55499,"MITSUYA WATCH INDUSTRIES LIMITED
美斯雅錶廠有限公司",1977-09-13,2003-08-15,"Private, ltd by shares"
4128,55074,"MIU NGAI GARMENTS FACTORY LIMITED
妙藝製衣廠有限公司",1977-08-23,1995-07-28,"Private, ltd by shares"
4129,55964,MIYAMOTO CONSTRUCTION DEVELOPMENT COMPANY LIMITED,1977-10-14,1995-10-27,"Private, ltd by shares"
4130,54430,"MIZEN INTERNATIONAL ENTERPRISES LIMITED
邁進實業有限公司",1977-07-22,1996-07-05,"Private, ltd by shares"
4131,56618,MKI TELECOM LIMITED,1977-11-15,2003-10-17,"Private, ltd by shares"
4132,57370,"MLK CARGO SERVICE CO., LIMITED
馬龍記運輸有限公司",1977-12-20,2009-06-11,"Private, ltd by shares"
4133,52892,MOBILE INVESTMENT LIMITED (HK),1977-04-29,2017-04-28,"Private, ltd by shares"
4134,51942,MOCAMBO GARMENT FACTORY LIMITED,1977-03-04,2002-12-27,"Private, ltd by shares"
4135,51333,"MODERN ASPAC DEVELOPMENT COMPANY LIMITED
亞太發展有限公司",1977-01-25,,"Private, ltd by shares"
4136,54779,"MODERN CLOTH PRINTING FACTORY LIMITED
時代印花廠有限公司",1977-08-05,1995-07-28,"Private, ltd by shares"
4137,53040,"MODERN COLOUR PHOTO SERVICE COMPANY LIMITED
現代彩色攝影冲印有限公司",1977-05-06,2013-07-19,"Private, ltd by shares"
4138,51868,"MODERN FAST FOODS LIMITED
現代快餐企業有限公司",1977-03-01,1999-07-20,"Private, ltd by shares"
4139,53003,"MODERN FINANCE PUBLICATION COMPANY LIMITED
現代金融出版社有限公司",1977-05-06,1995-09-29,"Private, ltd by shares"
4140,51423,MODERN LEASING LIMITED,1977-02-01,,"Private, ltd by shares"
4141,55515,"MODERN LEATHER HANDBAGS MANUFACTURING COMPANY LIMITED
時式皮手袋廠有限公司",1977-09-16,1985-08-28,"Private, ltd by shares"
4142,57451,"MODERN LIVING & DESIGN LIMITED
現代傢俬設計有限公司",1977-12-20,2012-06-08,"Private, ltd by shares"
4143,51923,MODERN SILK TEXTILE LIMITED,1977-03-04,1986-04-20,"Private, ltd by shares"
4144,57049,"MODREN TRADING COMPANY LIMITED
萬龍貿易有限公司",1977-12-06,1996-02-16,"Private, ltd by shares"
4145,56676,MODULAR INVESTMENTS LIMITED (d1995-10-27),1977-11-18,1995-10-27,"Private, ltd by shares"
4146,53736,"MOK CHOI SHEUNG PAN LIMITED
木材商品有限公司",1977-06-14,1992-06-26,"Private, ltd by shares"
4147,51514,"MOK SUN HING COMPANY LIMITED
莫新興有限公司",1977-02-08,,"Private, ltd by shares"
4148,57195,MOKUZAI INTERNATIONAL LIMITED,1977-12-13,1991-06-02,"Private, ltd by shares"
4149,54050,"MOMENTUM LIMITED (d1995-05-24)
貿通有限公司",1977-06-30,1995-05-24,"Private, ltd by shares"
4150,53351,"MONAT INVESTMENT LIMITED
滿利投資有限公司",1977-05-20,,"Private, ltd by shares"
4151,52573,"MONDAY INVESTMENT LIMITED
萬利置業有限公司",1977-04-12,,"Private, ltd by shares"
4152,51252,MONDIAL DIAMOND ENTERPRISES (H.K.) LIMITED,1977-01-21,1991-01-05,"Private, ltd by shares"
4153,52153,"MONEY GARMENT FACTORY LIMITED
文利製衣有限公司",1977-03-18,2000-10-20,"Private, ltd by shares"
4154,54372,MONIN MARITIME ENTERPRISES LIMITED,1977-07-19,1982-06-30,"Private, ltd by shares"
4155,56807,MONIVEST (HK) LIMITED,1977-11-25,1999-09-29,"Private, ltd by shares"
4156,52058,MONNIE BUILDERS AND INVESTMENTS LIMITED,1977-03-11,2017-02-03,"Private, ltd by shares"
4157,54568,MONOTRON COMPANY LIMITED,1977-07-26,2003-03-21,"Private, ltd by shares"
4158,51625,"MONSIEUR LIMITED
名匠有限公司",1977-02-15,1998-08-07,"Private, ltd by shares"
4159,57621,"MONSOONLAND INVESTMENT LIMITED
時風地產有限公司",1977-12-28,2003-05-02,"Private, ltd by shares"
4160,55848,"MONTAGE ELECTRONICS AND DESIGNS LIMITED
蒙太奇電子設計有限公司",1977-10-07,1999-02-12,"Private, ltd by shares"
4161,53584,MONTANA TRADING COMPANY LIMITED,1977-05-31,1983-08-12,"Private, ltd by shares"
4162,53596,"MONTBLANC ENTERPRISES LIMITED
張氏萬寶隆實業有限公司",1977-05-31,2004-06-04,"Private, ltd by shares"
4163,57649,"Montclair Trustees (Hong Kong) Limited
瑞盛信託香港有限公司",1977-12-28,,"Public, ltd by shares"
4164,54982,MONTLAKE FASHIONS LIMITED,1977-08-16,2001-02-02,"Private, ltd by shares"
4165,56047,MONTPELIER INTERNATIONAL MARKETING LIMITED,1977-10-18,2003-01-24,"Private, ltd by shares"
4166,56508,MOOGOON INVESTMENT LIMITED,1977-11-11,1988-01-23,"Private, ltd by shares"
4167,53713,"MOON & PROSPERITY ESTATES LIMITED
月興置業有限公司",1977-06-10,,"Private, ltd by shares"
4168,53319,"MOON HANG INVESTMENT COMPANY LIMITED
滿桁置業有限公司",1977-05-17,2003-02-21,"Private, ltd by shares"
4169,55754,MOON JOY COMPANY LIMITED (d2015-07-31),1977-09-30,2015-07-31,"Private, ltd by shares"
4170,54665,"MOON KING RESTAURANT LIMITED
滿江飯店有限公司",1977-08-03,1985-02-16,"Private, ltd by shares"
4171,52157,MOONEE COAST DEVELOPMENT COMPANY LIMITED,1977-03-18,1997-11-05,"Private, ltd by shares"
4172,53472,"MOONTH COMPANY LIMITED
滿富有限公司",1977-05-27,2000-06-16,"Private, ltd by shares"
4173,53449,MOORABBIN INVESTMENT LIMITED,1977-05-24,2002-08-09,"Private, ltd by shares"
4174,55748,MOORGATE CAPITAL COMPANY LIMITED,1977-09-30,2003-06-27,"Private, ltd by shares"
4175,53255,MOORGATE SECURITIES LIMITED (d2003-08-15),1977-05-17,2003-08-15,"Private, ltd by shares"
4176,57483,"MOREL-ARTIST (FAR EAST) COMPANY LIMITED
雅倫貓嘜(遠東)有限公司",1977-12-23,1998-12-18,"Private, ltd by shares"
4177,51553,"MORELAND REALTY LIMITED (d1984-01-17)
慕蘭物業有限公司",1977-02-08,1984-01-17,"Private, ltd by shares"
4178,51439,MORGAN AM&T HONG KONG COMPANY LIMITED,1977-02-01,,"Private, ltd by shares"
4179,54851,MORI SHUN ENTERPRISES LIMITED,1977-08-09,1996-05-31,"Private, ltd by shares"
4180,51938,Morito Scovill Hong Kong Company Limited,1977-03-04,,"Private, ltd by shares"
4181,54217,MORLOP ENTERPRISES LIMITED,1977-07-08,1985-05-27,"Private, ltd by shares"
4182,57034,"MORLUNDA LIMITED
滿儷達有限公司",1977-12-06,1990-06-09,"Private, ltd by shares"
4183,53298,"MORNING SUN OPTICS LIMITED
朝陽光學有限公司",1977-05-17,,"Private, ltd by shares"
4184,54225,"MORRISON INVESTMENT COMPANY, LIMITED",1977-07-12,1984-09-08,"Private, ltd by shares"
4185,56409,MOSLIM FOODS ASSOCIATION OF HONG KONG LIMITED,1977-11-08,1995-10-27,Ltd by guarantee
4186,52163,MOSMAN COMPANY LIMITED,1977-03-18,1991-09-27,"Private, ltd by shares"
4187,53502,MOSTON ENTERPRISE (H.K.) COMPANY LIMITED,1977-05-27,2010-02-12,"Private, ltd by shares"
4188,53553,MOSTRO INDUSTRIES LIMITED,1977-05-31,1991-10-13,"Private, ltd by shares"
4189,55935,MOTHERSILL HONG KONG LIMITED,1977-10-11,1995-08-25,"Private, ltd by shares"
4190,52244,MOTIVATION LIMITED (d2002-04-19),1977-03-25,2002-04-19,"Private, ltd by shares"
4191,53615,"MOTORCYCLE INDUSTRIES (HONG KONG) LIMITED
摩哆工業(香港)有限公司",1977-06-03,1995-07-28,"Private, ltd by shares"
4192,53626,"MOU WING INVESTMENT COMPANY LIMITED
懋榮投資有限公司",1977-06-03,,"Private, ltd by shares"
4193,56400,MOUNT CHUEN INVESTMENT COMPANY LIMITED,1977-11-04,2000-03-17,"Private, ltd by shares"
4194,51755,"MOUNT GOLD CLUB LIMITED
金山俱樂部有限公司",1977-02-25,1989-04-28,"Private, ltd by shares"
4195,55663,MOUNT GOLD PROPERTIES AND INVESTMENTS LIMITED,1977-09-23,1986-07-08,"Private, ltd by shares"
4196,53258,"MOUNTAIN RANGE ENTERPRISES LIMITED (THE)
崇山企業有限公司",1977-05-17,1995-12-29,"Private, ltd by shares"
4197,53815,MOYLE INVESTMENTS LIMITED (d1982-03-03),1977-06-17,1982-03-03,"Private, ltd by shares"
4198,52879,MOYNE LIMITED (d1980-07-25),1977-04-29,1980-07-25,"Private, ltd by shares"
4199,51158,"MR. CLEAN DRY CLEANING & LAUNDROMAT COMPANY LIMITED
美潔乾洗自助洗衣有限公司",1977-01-14,1996-09-27,"Private, ltd by shares"
4200,52535,MT. EVEREST COMPANY LIMITED,1977-04-06,1995-10-27,"Private, ltd by shares"
4201,55813,"MUI WO INVESTMENT COMPANY LIMITED
梅窩置業有限公司",1977-10-04,,"Private, ltd by shares"
4202,53343,MUKESH & SUNIL LIMITED,1977-05-20,1996-02-23,"Private, ltd by shares"
4203,57700,MULTI PROJECTS COMPANY LIMITED,1977-12-30,1990-07-06,"Private, ltd by shares"
4204,51757,MULTI WING INVESTMENT COMPANY LIMITED,1977-02-25,,"Private, ltd by shares"
4205,53081,"MULTIBILLION COMPANY LIMITED
兆倍有限公司",1977-05-10,1991-06-25,"Private, ltd by shares"
4206,51218,"MULTICHANCE INVESTMENT COMPANY LIMITED
萬運投資有限公司",1977-01-18,1990-08-03,"Private, ltd by shares"
4207,53413,MULTICORP GLOBAL LIMITED,1977-05-24,1996-07-26,"Private, ltd by shares"
4208,55986,MULTIFARIOUS ENTERPRISES LIMITED,1977-10-14,2001-01-12,"Private, ltd by shares"
4209,55041,"MULTIFORMER ELECTRONICS LIMITED
美電有限公司",1977-08-19,2002-01-18,"Private, ltd by shares"
4210,55281,"MULTILINK INTERNATIONAL LIMITED
茂聯國際有限公司",1977-09-02,2009-12-11,"Private, ltd by shares"
4211,57719,"MULTIPAK LIMITED
萬天茶行有限公司",1977-12-30,,"Private, ltd by shares"
4212,55136,"MULTIPLE PROPERTIES COMPANY LIMITED
滿得寶地產有限公司",1977-08-26,1983-04-13,"Private, ltd by shares"
4213,52593,MULTIPROD INTERNATIONAL LIMITED,1977-04-15,2000-03-17,"Private, ltd by shares"
4214,54815,MULTITESSE LIMITED,1977-08-09,2019-05-03,"Private, ltd by shares"
4215,52841,MUNISONS (HONG KONG) LIMITED,1977-04-29,2000-10-05,"Private, ltd by shares"
4216,53719,MURA INTERNATIONAL LIMITED,1977-06-10,1989-01-18,"Private, ltd by shares"
4217,56459,"MURATA KIMPAKU COMPANY (H.K.) LIMITED
村田金箔(香港)有限公司",1977-11-08,,"Private, ltd by shares"
4218,52053,MURRUMBEENA INVESTMENTS LIMITED,1977-03-11,1985-08-23,"Private, ltd by shares"
4219,56048,MURUK LIMITED,1977-10-18,1981-09-26,"Private, ltd by shares"
4220,56392,MUSELIFE LIMITED,1977-11-04,1982-10-29,"Private, ltd by shares"
4221,54139,MUT WAH COMPANY LIMITED,1977-07-05,1983-10-11,"Private, ltd by shares"
4222,54180,"MUTIARA INTERNATIONAL COMPANY LIMITED
茂天娜國際有限公司",1977-07-08,2002-06-14,"Private, ltd by shares"
4223,56678,MUTUAL ACCEPTANCE LIMITED,1977-11-18,1995-07-28,"Private, ltd by shares"
4224,54601,"MUTUAL BOND INVESTMENT LIMITED
同聯投資有限公司",1977-07-29,2004-01-30,"Private, ltd by shares"
4225,52751,"MUTUAL FAITH SHIPPING COMPANY LIMITED
聯誠船務有限公司",1977-04-26,1995-07-28,"Private, ltd by shares"
4226,54602,MUTUAL GOOD INVESTMENT LIMITED,1977-07-29,,"Private, ltd by shares"
4227,54603,"MUTUAL INTEREST INVESTMENT LIMITED
合利投資有限公司",1977-07-29,1982-06-29,"Private, ltd by shares"
4228,54604,MUTUAL LUCK INVESTMENT LIMITED,1977-07-29,,"Private, ltd by shares"
4229,53377,"MUTUAL PROFIT FINANCE COMPANY, LIMITED
同利財務有限公司",1977-05-20,1988-03-24,"Private, ltd by shares"
4230,56012,MUTUAL-BRIDGE INTERNATIONAL LIMITED,1977-10-14,2003-05-16,"Private, ltd by shares"
4231,56250,"MYER JEWELRY MANUFACTURER LIMITED
萬雅珠寶有限公司",1977-10-28,,"Private, ltd by shares"
4232,53938,"MYKIE (CHINA) LIMITED
邁錦(中國)有限公司",1977-06-24,2011-01-14,"Private, ltd by shares"
4233,51080,MYQUEST HONG KONG LIMITED,1977-01-11,,"Private, ltd by shares"
4234,56122,MYQUEST INVESTMENT LIMITED,1977-10-20,1996-05-24,"Private, ltd by shares"
4235,51534,MYSTAIRE INTERNATIONAL LIMITED,1977-02-08,1991-12-11,"Private, ltd by shares"
4236,57614,"MYTLE INVESTMENT LIMITED
美圖置業有限公司",1977-12-28,1992-05-03,"Private, ltd by shares"
4237,51046,N. & J. INTERNATIONAL LIMITED,1977-01-07,1994-07-31,"Private, ltd by shares"
4238,52415,"N.T. GLASS FACTORY LIMITED
新界玻璃廠有限公司",1977-04-01,2002-05-17,"Private, ltd by shares"
4239,54934,NAIRAD LIMITED,1977-08-16,2000-04-07,"Private, ltd by shares"
4240,53705,NAJA COMPANY LIMITED,1977-06-10,1980-07-25,"Private, ltd by shares"
4241,55291,"NAM FONG ELECTRIC OVEN AND STEELWARE COMPANY LIMITED
南方電爐鋼具有限公司",1977-09-02,2016-08-12,"Private, ltd by shares"
4242,54798,"NAM HING CIRCUIT BOARD COMPANY LIMITED
南興電路板有限公司",1977-08-09,,"Private, ltd by shares"
4243,53241,"NAM JAM TRADING COMPANY LIMITED
南針貿易有限公司",1977-05-13,1990-03-19,"Private, ltd by shares"
4244,53145,"NAM KEUNG ATHLETIC ASSOCIATION LIMITED
南強體育會有限公司",1977-05-13,1995-03-17,Ltd by guarantee
4245,53758,"NAM KWOK TRADING COMPANY LIMITED
南谷貿易有限公司",1977-06-14,2002-12-13,"Private, ltd by shares"
4246,53680,"NAM KWONG ELECTRIC COMPANY LIMITED
南光電器有限公司",1977-06-10,,"Private, ltd by shares"
4247,52646,NAM LUEN EMPORIUM COMPANY LIMITED,1977-04-19,2000-03-17,"Private, ltd by shares"
4248,51539,"NAM MAU INVESTMENT COMPANY, LIMITED
南茂置業有限公司",1977-02-08,2002-12-06,"Private, ltd by shares"
4249,51069,"NAM PEI HONG SUM YUNG DRUGS COMPANY LIMITED
南北行參茸葯材有限公司",1977-01-11,,"Private, ltd by shares"
4250,55183,"NAM TAI PAPER PRODUCTS FACTORY LIMITED
南大紙品廠有限公司",1977-08-26,,"Private, ltd by shares"
4251,52223,"NAM TIN KOON YAM FAT TONG LIMITED
藍田觀音佛堂有限公司",1977-03-25,1995-09-29,Ltd by guarantee
4252,55203,"NAM YA TEXTILE MANUFACTORY LIMITED
南亞紡織廠有限公司",1977-08-31,1990-02-03,"Private, ltd by shares"
4253,53611,"NAMCO ENTERPRISES ASIA, LIMITED
南港企業亞洲有限公司",1977-06-01,,"Private, ltd by shares"
4254,54194,"NAN FUNG FINANCE LIMITED
南豐財務有限公司",1977-07-08,,"Private, ltd by shares"
4255,52770,"NAN KWONG (MING FAI) METAL WORKS COMPANY LIMITED
南光(明輝)五金廠有限公司",1977-04-29,1995-07-28,"Private, ltd by shares"
4256,53084,"NAN SING ELECTRONICS COMPANY LIMITED
南星電子有限公司",1977-05-10,1982-11-26,"Private, ltd by shares"
4257,55251,NANCARROW COMPANY LIMITED,1977-08-31,1985-06-06,"Private, ltd by shares"
4258,55443,"NANCY & JOHN INVESTMENT COMPANY LIMITED
蘭心昌明投資有限公司",1977-09-13,1994-03-13,"Private, ltd by shares"
4259,54931,NANCY'S FASHION LIMITED,1977-08-16,,"Private, ltd by shares"
4260,53540,"NANYANG METAL WINDOW COMPANY LIMITED
南洋鋼窗有限公司",1977-05-31,1989-04-24,"Private, ltd by shares"
4261,56969,"NANYO CHEMICAL INDUSTRIAL (H.K.) LIMITED
南陽化工(香港)有限公司",1977-12-02,1991-06-28,"Private, ltd by shares"
4262,53256,NANYOZAI TRADING COMPANY LIMITED,1977-05-17,1996-01-21,"Private, ltd by shares"
4263,55590,"NAPOLEON RESTAURANT LIMITED
拿破崙餐廳有限公司",1977-09-20,,"Private, ltd by shares"
4264,51859,NARAIN LIMITED (d2015-12-18),1977-03-01,2015-12-18,"Private, ltd by shares"
4265,53414,NARAINDAS ESSARDAS & SONS (H.K.) LIMITED,1977-05-24,,"Private, ltd by shares"
4266,52176,NARAMICS COMPANY LIMITED (d1986-01-07),1977-03-22,1986-01-07,"Private, ltd by shares"
4267,57406,"NATIONAL ARTS EMBROIDERY COMPANY LIMITED
國藝抽紗有限公司",1977-12-20,,"Private, ltd by shares"
4268,51163,"NATIONAL POLYFOAM FACTORY LIMITED
國際發泡膠廠有限公司",1977-01-14,,"Private, ltd by shares"
4269,50995,NATIONAL RESOURCES LIMITED (d1995-09-29),1977-01-04,1995-09-29,"Private, ltd by shares"
4270,56634,"NATIONAL TAIWAN NORMAL UNIVERSITY ALUMNI ASSOCIATION (H.K.) LIMITED (THE)
國立台灣師範大學校友會(香港)有限公司",1977-11-18,1999-02-26,Ltd by guarantee
4271,55909,"NATTAHNAM COMPANY LIMITED
納大連有限公司",1977-10-11,1995-10-27,"Private, ltd by shares"
4272,53752,NATUNA LIMITED (d1985-12-03),1977-06-14,1985-12-03,"Private, ltd by shares"
4273,54197,NATURAL RESOURCE CONSULTANTS LIMITED,1977-07-08,1983-02-25,"Private, ltd by shares"
4274,57142,"NAVA SC SECURITIES INVESTMENT LIMITED
納華證券投資有限公司",1977-12-09,2009-06-24,"Private, ltd by shares"
4275,56550,"NAVYSTAR COMPANY LIMITED
利時達有限公司",1977-11-11,,"Private, ltd by shares"
4276,54757,"NAYLAND FINANCE & PROPERTY CO., LIMITED
利聯金融地產有限公司",1977-08-05,2008-12-19,"Private, ltd by shares"
4277,51622,"NEC ELECTRONICS HONG KONG LIMITED
香港日電電子有限公司",1977-02-11,2014-10-29,"Private, ltd by shares"
4278,53479,NEDLLOYD FLEET SERVICES (HK) LIMITED,1977-05-27,2000-11-17,"Private, ltd by shares"
4279,57578,NEGOTIN COMPANY LIMITED,1977-12-23,1988-03-16,"Private, ltd by shares"
4280,55811,NEIL BRIEN LIMITED,1977-10-04,1996-11-29,"Private, ltd by shares"
4281,55690,NEIL FARRIN PHOTOGRAPHY LIMITED,1977-09-27,2003-05-09,"Private, ltd by shares"
4282,51479,"NEOPHYTE REALTY LIMITED
宜輝物業有限公司",1977-02-04,2010-09-17,"Private, ltd by shares"
4283,54218,NEPAL CARPET AND CRAFTS TRADING COMPANY LIMITED,1977-07-08,1996-02-23,"Private, ltd by shares"
4284,52338,"NEPTUNE LIMITED (HK)
納進有限公司",1977-03-29,2020-09-18,"Private, ltd by shares"
4285,54207,NESLONGI COMPANY LIMITED,1977-07-08,2004-04-09,"Private, ltd by shares"
4286,56509,NESTIX TRADING LIMITED,1977-11-11,1980-10-24,"Private, ltd by shares"
4287,55413,NEVCO ENTERPRISE COMPANY LIMITED,1977-09-09,1992-10-30,"Private, ltd by shares"
4288,52861,NEVIS INVESTMENTS LIMITED (d1985-07-05),1977-04-29,1985-07-05,"Private, ltd by shares"
4289,51798,"NEW CENTURY BOOKS AND STATIONERY COMPANY LIMITED
新世紀圖書文儀有限公司",1977-02-25,2000-11-10,"Private, ltd by shares"
4290,54908,"NEW CHANCE ENTERPRISES LIMITED
新運企業有限公司",1977-08-12,,"Private, ltd by shares"
4291,54972,"NEW CHINA FROZEN MEAT COMPANY LIMITED
新中國凍肉有限公司",1977-08-16,2003-05-16,"Private, ltd by shares"
4292,57143,NEW CHINESE BIBLE CENTRE LIMITED (THE),1977-12-13,1996-02-23,Ltd by guarantee
4293,55822,"NEW EAST TOWN KNITTING FACTORY LIMITED
新東城織造廠有限公司",1977-10-04,1995-12-29,"Private, ltd by shares"
4294,54796,"NEW ERA GALLERY CENTRE LIMITED
新紀元美術品中心有限公司",1977-08-05,2003-05-16,"Private, ltd by shares"
4295,51303,"NEW FORTUNE JEWELLERY AND GOLDSMITH (H.K.)LIMITED
福源珠寶金飾(香港)有限公司",1977-01-25,1979-12-22,"Private, ltd by shares"
4296,52617,"NEW FRIEND ASSOCIATION LIMITED
新友聯誼會有限公司",1977-04-19,1999-02-26,Ltd by guarantee
4297,52392,NEW GOLDEN PEAK WEAVING FACTORY LIMITED,1977-03-29,1998-10-09,"Private, ltd by shares"
4298,54231,"NEW GOLDEN TREASURY INVESTMENT COMPANY LIMITED
新金庫投資有限公司",1977-07-12,1995-09-29,"Private, ltd by shares"
4299,53142,"NEW JUBILEE (CHAN'S) COMPANY LIMITED
新禧(陳氏)有限公司",1977-05-10,1987-07-11,"Private, ltd by shares"
4300,51001,"NEW KWUN LUN FILM PRODUCTIONS COMPANY LIMITED
新崑崙影業有限公司",1977-01-04,2005-04-29,"Private, ltd by shares"
4301,53672,"NEW LIFE SHOES MANUFACTORY LIMITED
新生鞋廠有限公司",1977-06-07,2003-01-24,"Private, ltd by shares"
4302,52165,"NEW PACIFIC CANNERS' FOOD & CAN-MANUFACTURE INDUSTRIAL COMPANY LIMITED
新太平洋食品製罐工業股份有限公司",1977-03-18,2002-03-08,"Private, ltd by shares"
4303,57704,"NEW POINT KNITTERS FACTORY LIMITED
新峯織造廠有限公司",1977-12-30,2003-05-30,"Private, ltd by shares"
4304,53820,"NEW POLICY ENTERPRISES LIMITED
新政策企業有限公司",1977-06-17,2010-01-29,"Private, ltd by shares"
4305,51347,"NEW RESOURCES HOLDINGS LIMITED
吉潤國際集團有限公司",1977-01-28,,"Private, ltd by shares"
4306,53162,NEW SOLID ENTERPRISES COMPANY LIMITED,1977-05-13,2010-09-17,"Private, ltd by shares"
4307,56788,"NEW TERRITORIES PENG CHAU ISLAND HOI FUNG CLAN'S ASSOCIATION LIMITED
新界離島坪洲海豐同鄉會有限公司",1977-11-25,2011-07-29,Ltd by guarantee
4308,56135,"NEW TERRITORIES PING SHAN RESIDENTS ASSOCIATION LIMITED (THE)
新界屏山居民協會有限公司",1977-10-25,1996-03-29,Ltd by guarantee
4309,53534,"NEW TERRITORIES POULTRY WHOLESALERS ASSOCIATION LIMITED
新界家禽批發商會有限公司",1977-05-31,2000-08-25,Ltd by guarantee
4310,53929,"NEW TERRITORIES TAXI MERCHANTS ASSOCIATION LIMITED
新界的士商會有限公司",1977-06-24,,Ltd by guarantee
4311,55312,"NEW TERRITORIES YOUNG MEN'S ASSOCIATION LIMITED (THE)
新界青年會有限公司",1977-09-06,1996-02-23,Ltd by guarantee
4312,53066,"NEW TERRITORY TAXI RADIO SERVICE CENTRE LIMITED
新界的士電召服務中心有限公司",1977-05-06,1992-09-05,"Private, ltd by shares"
4313,56615,NEW TEXTILE KNITTING AND GARMENT FACTORY LIMITED,1977-11-15,1996-11-15,"Private, ltd by shares"
4314,54272,"NEW THAI ELECTRIC WIRE & CABLE COMPANY LIMITED
新泰電線電纜有限公司",1977-07-12,1987-10-09,"Private, ltd by shares"
4315,56395,"NEW VENTURE TRANSPORTS & FORWARDING COMPANY LIMITED
新聯貨運有限公司",1977-11-04,1999-11-29,"Private, ltd by shares"
4316,52966,NEWCASTLE TRADING COMPANY LIMITED (d1995-09-29),1977-05-03,1995-09-29,"Private, ltd by shares"
4317,56824,"NEWFORM KNITTERS LIMITED
耀豐織造廠有限公司",1977-11-25,2007-07-23,"Private, ltd by shares"
4318,52267,"NEWHALL LAND INVESTMENT LIMITED
新豪地產投資有限公司",1977-03-25,2003-08-15,"Private, ltd by shares"
4319,54759,"NEWLAND ENGINEERING LIMITED
新陸工程有限公司",1977-08-05,,"Private, ltd by shares"
4320,51179,"NEWMARKET (CHINA) LIMITED
新市塲(中國)有限公司",1977-01-14,1995-10-27,"Private, ltd by shares"
4321,50957,"NEWPORT CREDIT LIMITED
美亞工商財務有限公司",1977-01-04,1997-02-14,"Private, ltd by shares"
4322,56724,"NEWROCK LIMITED (d1983-07-18)
基磐有限公司",1977-11-22,1983-07-18,"Private, ltd by shares"
4323,51237,"NEWS SECRETARIAL AND ACCOUNTANCY SERVICES, LIMITED
劉氏秘書會計服務有限公司",1977-01-21,2007-06-15,"Private, ltd by shares"
4324,51536,NEWTON (GOLDEN LEAF) MANUFACTORY LIMITED,1977-02-08,2010-07-09,"Private, ltd by shares"
4325,55213,"NG FUNG FISHERY COMPANY LIMITED
五豐漁業有限公司",1977-08-31,1995-09-29,"Private, ltd by shares"
4326,53487,"NG WAI ESTATES LIMITED
伍偉置業有限公司",1977-05-27,2002-11-15,"Private, ltd by shares"
4327,57372,"NG WO CUTTING & WEAVING FACTORY LIMITED
五和開毛紡織廠有限公司",1977-12-20,2000-03-17,"Private, ltd by shares"
4328,56352,NGA YING TRADING LIMITED,1977-11-04,1986-09-26,"Private, ltd by shares"
4329,56523,"NGAI KEE & SONS COMPANY LIMITED
魏記父子有限公司",1977-11-11,2003-10-10,"Private, ltd by shares"
4330,57023,"NGAI KIN ELECTRICAL WORKS LIMITED
藝堅電器工程有限公司",1977-12-02,,"Private, ltd by shares"
4331,51889,"NGAI SUN HATS FACTORY LIMITED
藝新製帽廠有限公司",1977-03-04,1995-07-28,"Private, ltd by shares"
4332,55233,"NGAI TAT ENTERPRISES LIMITED
毅達企業有限公司",1977-08-31,,"Private, ltd by shares"
4333,57538,"NGAI TAT METAL MANUFACTORY LIMITED
毅達金屬製品廠有限公司",1977-12-23,,"Private, ltd by shares"
4334,51617,"NGAN FU RESTAURANT, LIMITED
銀富大酒樓有限公司",1977-02-11,1996-11-29,"Private, ltd by shares"
4335,54589,"NGAN'S BROTHER ENTERPRISE LIMITED
顏氏兄弟企業有限公司",1977-07-29,,"Private, ltd by shares"
4336,54192,"NGAR MAN PRINTING AND BINDING COMPANY LIMITED
雅文印製廠有限公司",1977-07-08,1996-01-26,"Private, ltd by shares"
4337,52962,"NIAN NIAN INVESTMENT COMPANY LIMITED
年年投資有限公司",1977-05-03,1988-04-18,"Private, ltd by shares"
4338,51496,NICANTER ASIA PACIFIC TRADING LIMITED,1977-02-04,1983-06-24,"Private, ltd by shares"
4339,56402,"NICE GARMENT MANUFACTURING LIMITED
美好製衣有限公司",1977-11-04,,"Private, ltd by shares"
4340,54066,"NICETY INVESTMENT COMPANY LIMITED
麗適投資有限公司",1977-06-30,1980-08-22,"Private, ltd by shares"
4341,57528,NICK JESSE DESIGN ASSOCIATES LIMITED,1977-12-23,1995-07-28,"Private, ltd by shares"
4342,52478,NICOLET COMPANY LIMITED,1977-04-01,2007-11-02,"Private, ltd by shares"
4343,53039,NICORENE ASSOCIATES LIMITED,1977-05-06,2004-04-08,"Private, ltd by shares"
4344,57623,"NIEN FA HANG (GROUPS) LIMITED
年發行(集團)有限公司",1977-12-28,1993-06-01,"Private, ltd by shares"
4345,54057,NIGERIA SHIPPING AGENCIES LIMITED,1977-06-30,1996-02-23,"Private, ltd by shares"
4346,53623,"NIHON SHIZAI (H.K.) LIMITED
日本資材(香港)有限公司",1977-06-03,1991-01-17,"Private, ltd by shares"
4347,54015,NIHON SHOJI KAISHA LIMITED,1977-06-28,1986-03-29,"Private, ltd by shares"
4348,57693,NIKCHROM LIMITED,1977-12-28,2003-11-28,"Private, ltd by shares"
4349,53219,NILLA KENCANA (H.K.) LIMITED,1977-05-13,1992-10-01,"Private, ltd by shares"
4350,51647,NIMBUS (H.K.) LIMITED,1977-02-15,2001-12-14,"Private, ltd by shares"
4351,56995,"NIN NIN HO COMPANY LIMITED
年年好有限公司",1977-12-02,2001-05-18,"Private, ltd by shares"
4352,57265,"NIN PUI ENTERPRISES LIMITED
年沛企業有限公司",1977-12-16,2004-04-16,"Private, ltd by shares"
4353,57266,"NIN YIP ENTERPRISES LIMITED
年業企業有限公司",1977-12-16,2004-04-16,"Private, ltd by shares"
4354,50988,"NING FUNG GARMENTS FACTORY, LIMITED
年豐製衣廠有限公司",1977-01-04,1995-09-29,"Private, ltd by shares"
4355,54571,"NINKY INVESTMENT CO., LIMITED
濘基置業有限公司",1977-07-26,2003-04-11,"Private, ltd by shares"
4356,57104,NIPIGON TRADING LIMITED,1977-12-09,1986-11-28,"Private, ltd by shares"
4357,55138,"NIPPON ANTENNA (H.K.) COMPANY LIMITED
日本天綫(香港)有限公司",1977-08-26,2010-01-22,"Private, ltd by shares"
4358,52685,NIPPON BORNEO TIMBERS LIMITED,1977-04-22,1989-10-26,"Private, ltd by shares"
4359,55664,"NIPPON SHINPAN (ASIA) LIMITED
日本信販(亞洲)有限公司",1977-09-23,1999-12-20,"Private, ltd by shares"
4360,53706,NIRVANA SHIPPING LIMITED,1977-06-10,1996-04-19,"Private, ltd by shares"
4361,57009,NISABEE COMPANY LIMITED,1977-12-02,1990-11-30,"Private, ltd by shares"
4362,57007,"NITTAN CAPITAL ASIA LIMITED
溢勝亞洲有限公司",1977-12-02,,"Private, ltd by shares"
4363,54651,NITTO TRADING (HONG KONG) LIMITED,1977-07-29,2013-10-11,"Private, ltd by shares"
4364,51769,"NITZ MANUFACTURING COMPANY LIMITED
利斯製造有限公司",1977-02-25,2000-12-22,"Private, ltd by shares"
4365,57212,"NIXON CLEANING COMPANY LIMITED
力新清潔有限公司",1977-12-13,,"Private, ltd by shares"
4366,53060,NOBLE TEXTILES H.K. LIMITED,1977-05-06,1996-01-26,"Private, ltd by shares"
4367,52743,NOCTORUM LIMITED,1977-04-26,1978-03-31,"Private, ltd by shares"
4368,54245,NOMARK LIMITED (d1983-10-14),1977-07-12,1983-10-14,"Private, ltd by shares"
4369,52440,"NOMURA RESEARCH INTERNATIONAL COMPANY LIMITED
野村總研國際有限公司",1977-04-01,2000-06-06,"Private, ltd by shares"
4370,55834,NONTOPIC COMPANY LIMITED,1977-10-04,1998-02-20,"Private, ltd by shares"
4371,56746,"NOP YICK COMPANY, LIMITED",1977-11-22,1995-12-29,"Private, ltd by shares"
4372,54327,NORBANA TRADING LIMITED,1977-07-15,,"Private, ltd by shares"
4373,52096,NORFOLK SHIPPING COMPANY LIMITED,1977-03-15,1989-11-23,"Private, ltd by shares"
4374,55120,NORPHLET TRADING COMPANY LIMITED,1977-08-23,1979-08-17,"Private, ltd by shares"
4375,56912,NORTH AMERICA CONSULT LIMITED,1977-11-29,1996-01-26,"Private, ltd by shares"
4376,51157,NORTH AMERICA INTERIOR LIMITED,1977-01-14,1996-11-29,"Private, ltd by shares"
4377,53191,"NORTH AMERICAN AIR CARGO INTERNATIONAL (HK) LIMITED
北美國際空運(香港)有限公司",1977-05-13,1997-04-06,"Private, ltd by shares"
4378,55969,"NORTH OCEAN (HONG KONG) LIMITED
北大洋(香港)有限公司",1977-10-14,1995-08-25,"Private, ltd by shares"
4379,54631,"NORTH POINT FOUR FIVE SIX RESTAURANT LIMITED
北角四五六菜館有限公司",1977-07-29,1988-10-17,"Private, ltd by shares"
4380,56729,"NORTH POINT FUNG SHING RESTAURANT COMPANY LIMITED
北角鳳城酒家有限公司",1977-11-22,2004-03-15,"Private, ltd by shares"
4381,56957,"NORTH POINT WAH DOO MALAYSIAN FOODS LIMITED
北角華都馬來食品有限公司",1977-12-02,1998-02-20,"Private, ltd by shares"
4382,55234,"NORTH POLE STAR COMPANY LIMITED
北斗星有限公司",1977-08-31,1995-04-21,"Private, ltd by shares"
4383,53639,NORTH RIDGE LIMITED (d1984-07-12),1977-06-03,1984-07-12,"Private, ltd by shares"
4384,51667,NORTH SAILMAKERS LIMITED,1977-02-15,1994-01-21,"Private, ltd by shares"
4385,55983,NORTHAMPTON LIMITED (d1991-04-02),1977-10-14,1991-04-02,"Private, ltd by shares"
4386,53107,NORTHOPHALL INVESTMENTS LIMITED,1977-05-10,1988-04-14,"Private, ltd by shares"
4387,51937,NORTON INVESTMENTS LIMITED (d1999-01-31),1977-03-04,1999-01-31,"Private, ltd by shares"
4388,54967,NORTON WRIGHT (ASIA PACIFIC) LIMITED,1977-08-16,1987-11-07,"Private, ltd by shares"
4389,52974,NORWEGIAN SHIPPING COMPANY LIMITED,1977-05-06,1995-08-25,"Private, ltd by shares"
4390,53947,NOSTA NOMINEES LIMITED,1977-06-24,1991-11-14,"Private, ltd by shares"
4391,55021,NOTHCOTE LAND INVESTMENT LIMITED,1977-08-19,2007-10-12,"Private, ltd by shares"
4392,55750,NOTOMBI INTERNATIONAL (H.K.) LIMITED,1977-09-30,1996-03-29,"Private, ltd by shares"
4393,52520,NOTORNIS TRADING CO. LIMITED,1977-04-06,1999-12-01,"Private, ltd by shares"
4394,56917,NOTTINGBURG COMPANY LIMITED,1977-11-29,2008-08-22,"Private, ltd by shares"
4395,55085,NOVANA LIMITED (d1995-07-28),1977-08-23,1995-07-28,"Private, ltd by shares"
4396,57713,NOVATO COMPANY LIMITED,1977-12-30,1996-04-26,"Private, ltd by shares"
4397,56188,"NOVEL INDUSTRIES COMPANY LIMITED
永新實業發展有限公司",1977-10-25,,"Private, ltd by shares"
4398,56363,"NOVEL SECURITIES LIMITED
永新控股有限公司",1977-11-04,,"Private, ltd by shares"
4399,53899,"NOVELACT LIMITED
聯中企業有限公司",1977-06-22,2010-06-04,"Private, ltd by shares"
4400,56490,NOVEX (FAR EAST) LIMITED,1977-11-11,1988-10-06,"Private, ltd by shares"
4401,53675,NOVITAS WATCH LIMITED,1977-06-07,1990-09-11,"Private, ltd by shares"
4402,53403,NOVO MARINE CARRIER SERVICES LIMITED,1977-05-24,1991-11-29,"Private, ltd by shares"
4403,54243,NOWDEN LIMITED,1977-07-12,1989-02-17,"Private, ltd by shares"
4404,55436,NU-PAK PRODUCTS LIMITED,1977-09-09,1995-09-29,"Private, ltd by shares"
4405,54845,"NUAGE LIMITED (d2010-06-11)
蕾雅有限公司",1977-08-09,2010-06-11,"Private, ltd by shares"
4406,54063,"NUCLEAR COMPANY (H.K.) LIMITED
核電(香港)有限公司",1977-06-30,2003-02-07,"Private, ltd by shares"
4407,53776,NUFORM INTERNATIONAL COMPANY LIMITED,1977-06-14,2000-03-17,"Private, ltd by shares"
4408,51455,NUGAN HAND TRAVEL LIMITED,1977-02-04,1996-06-28,"Private, ltd by shares"
4409,53833,"NUMBER-ONE GARMENTS MANUFACTURING LIMITED
一大製衣廠有限公司",1977-06-17,,"Private, ltd by shares"
4410,57666,NUTEK SYSTEMS LIMITED,1977-12-28,,"Private, ltd by shares"
4411,57712,NUTLEY COMPANY LIMITED,1977-12-30,2003-11-28,"Private, ltd by shares"
4412,51057,NYLEVE LIMITED (d1995-08-18),1977-01-07,1995-08-18,"Private, ltd by shares"
4413,55153,O & M CONSULTANTS LIMITED,1977-08-26,2003-06-13,"Private, ltd by shares"
4414,55601,O G T MARITIME CARRIERS LIMITED,1977-09-20,1991-04-19,"Private, ltd by shares"
4415,52294,O'DONNELL COMPANY LIMITED,1977-03-25,1987-02-25,"Private, ltd by shares"
4416,51316,"O2 ADVERTISING LIMITED
靈意廣告有限公司",1977-01-25,1994-06-02,"Private, ltd by shares"
4417,53848,"OAKLAND PACIFIC LIMITED (d2002-12-13)
歐克蘭有限公司",1977-06-17,2002-12-13,"Private, ltd by shares"
4418,56330,OASIS INDUSTRIES LIMITED,1977-11-01,1991-07-26,"Private, ltd by shares"
4419,54305,"OASIS KNITTERS LIMITED
奧雅仕針織廠有限公司",1977-07-15,2003-03-14,"Private, ltd by shares"
4420,52916,OAXACA INVESTMENT LIMITED,1977-05-03,1999-04-09,"Private, ltd by shares"
4421,52285,OBAN LIMITED (d2002-04-19),1977-03-25,2002-04-19,"Private, ltd by shares"
4422,54095,"OCBC Advisor Limited
華僑諮詢有限公司",1977-07-05,,"Private, ltd by shares"
4423,57470,OCEAN CARPET LIMITED,1977-12-20,1996-02-16,"Private, ltd by shares"
4424,53437,OCEAN FOOTWEAR LIMITED (d1996-09-06),1977-05-24,1996-09-06,"Private, ltd by shares"
4425,51640,OCEAN JEWELLERY & WATCH LIMITED (d1995-07-28),1977-02-15,1995-07-28,"Private, ltd by shares"
4426,53773,"OCEAN LIGHT GARMENTS LIMITED
海明製衣有限公司",1977-06-14,1992-08-28,"Private, ltd by shares"
4427,52894,OCEAN UNITED NAVIGATION (H.K.) COMPANY LIMITED,1977-04-29,1987-04-16,"Private, ltd by shares"
4428,52301,OCEANIC DISTRIBUTORS LIMITED,1977-03-25,1988-08-25,"Private, ltd by shares"
4429,57058,OCEANIC OIL COMPANY LIMITED,1977-12-06,2003-11-07,"Private, ltd by shares"
4430,52564,"OCEANIC RESOURCES LIMITED (d2001-09-14)
海信資源有限公司",1977-04-12,2001-09-14,"Private, ltd by shares"
4431,54598,OCEANIC UNIVERSAL GARMENT MANUFACTURERS COMPANY LIMITED,1977-07-29,1998-12-18,"Private, ltd by shares"
4432,55127,"OCEANIQUE ESCORT COMPANY LIMITED
海洋伴遊有限公司",1977-08-26,1996-01-26,"Private, ltd by shares"
4433,52850,OCTALAND HOLDINGS (HONG KONG) LIMITED,1977-04-29,2009-12-18,"Private, ltd by shares"
4434,51915,ODETOWN INVESTMENTS LIMITED,1977-03-04,2016-07-14,"Private, ltd by shares"
4435,53847,"OEMEC INTERNATIONAL (HONG KONG) LIMITED
澳美國際(香港)有限公司",1977-06-17,2017-06-09,"Private, ltd by shares"
4436,54283,"OI LING COMPANY LIMITED
愛齡有限公司",1977-07-15,,"Private, ltd by shares"
4437,53360,OILTOWN INVESTMENTS LIMITED,1977-05-20,,"Private, ltd by shares"
4438,54291,"OKAYAMA INVESTMENT COMPANY LIMITED
岡山置業有限公司",1977-07-15,1993-01-19,"Private, ltd by shares"
4439,54221,OKETA LIMITED,1977-07-08,2008-05-23,"Private, ltd by shares"
4440,56244,"OL' MASTERS AUTO REFINISHING LIMITED
愛馬汽車焗油有限公司",1977-10-28,2000-12-22,"Private, ltd by shares"
4441,52230,OLD CHINESE ACUPUNCTURE ACADEMY LIMITED (THE),1977-03-25,1984-01-27,"Private, ltd by shares"
4442,56785,OLD PAL LIMITED,1977-11-22,1995-04-23,"Private, ltd by shares"
4443,54126,OLIVER PARIS (HONG KONG) LIMITED,1977-07-05,2003-01-17,"Private, ltd by shares"
4444,51845,OLIVIA GARDEN LIMITED,1977-03-01,1995-09-29,"Private, ltd by shares"
4445,51780,"OLTREMARE INTERNATIONAL LIMITED
晁榮國際發展有限公司",1977-02-25,2004-04-23,"Private, ltd by shares"
4446,55072,OLYMPIC OXYGEN (H.K.) LIMITED,1977-08-23,2003-06-13,"Private, ltd by shares"
4447,53886,OMDURMAN ENTERPRISE (H.K.) COMPANY LIMITED,1977-06-22,1997-06-13,"Private, ltd by shares"
4448,55302,OMEGA ENTERPRISES COMPANY (HONG KONG) LIMITED,1977-09-02,1982-03-26,"Private, ltd by shares"
4449,52279,"OMER LAND INVESTMENT LIMITED
安萬置業有限公司",1977-03-25,1989-01-11,"Private, ltd by shares"
4450,51374,OMM (FAR EAST) LIMITED,1977-01-28,1995-08-25,"Private, ltd by shares"
4451,55256,OMT SHIPPING (HONGKONG) LIMITED,1977-08-31,1995-12-29,"Private, ltd by shares"
4452,52562,"ON CHUEN NOMINEES LIMITED
安全代理人有限公司",1977-04-12,1992-12-09,"Private, ltd by shares"
4453,55792,"ON KUN HONG LIMITED
安勤行有限公司",1977-10-04,,"Private, ltd by shares"
4454,52834,"ON LEE SIU CONSTRUCTION LIMITED
安利(蕭氏)建築有限公司",1977-04-29,2006-01-06,"Private, ltd by shares"
4455,51524,"ON LEE SIU CONSTRUCTION SERVICES LIMITED
安利(蕭氏)建築服務有限公司",1977-02-08,2006-06-16,"Private, ltd by shares"
4456,51829,"ON PING NOMINEES LIMITED
安平代理人有限公司",1977-03-01,2004-01-30,"Private, ltd by shares"
4457,52642,"ON SEE TRAVEL SERVICE LIMITED
安時旅運有限公司",1977-04-19,1980-06-19,"Private, ltd by shares"
4458,53637,"ON TAI LOY KNITTING GARMENT FACTORY LIMITED
安泰來針織製衣廠有限公司",1977-06-03,1979-06-22,"Private, ltd by shares"
4459,54617,"ON TIDE SANDALS COMPANY LIMITED
安泰鞋業有限公司",1977-07-29,2003-01-10,"Private, ltd by shares"
4460,53549,"ON TING TRADING COMPANY LIMITED
安定貿易有限公司",1977-05-31,2002-11-15,"Private, ltd by shares"
4461,52202,"ON YIP ESTATES AGENTS COMPANY LIMITED
安業地產代理有限公司",1977-03-22,1999-04-09,"Private, ltd by shares"
4462,52168,"ON YIP FINANCE COMPANY LIMITED
安業財務有限公司",1977-03-22,1999-04-09,"Private, ltd by shares"
4463,52169,"ON YIP PROPERTY DEVELOPMENT COMPANY LIMITED
安業地產發展有限公司",1977-03-22,,"Private, ltd by shares"
4464,56157,"ONAPAL LIMITED
安立寶商品有限公司",1977-10-25,,"Private, ltd by shares"
4465,56885,ONE DOLLAR BBQ LIMITED,1977-11-29,1984-09-28,"Private, ltd by shares"
4466,54588,"ONE DOLLAR PLASTIC & METAL FACTORY LIMITED
一元塑膠五金製品廠有限公司",1977-07-29,1996-06-01,"Private, ltd by shares"
4467,54860,ONE TWO ONE TRADING COMPANY LIMITED,1977-08-12,1996-01-26,"Private, ltd by shares"
4468,56867,"ONEREE COMPANY LIMITED
安拿利有限公司",1977-11-29,1992-10-21,"Private, ltd by shares"
4469,52884,"ONGIN COMPANY LIMITED
安進有限公司",1977-04-29,,"Private, ltd by shares"
4470,55956,ONLICARD HOLDINGS LIMITED,1977-10-14,1997-01-10,"Private, ltd by shares"
4471,53544,"ONLINE ESTATES (AGENT) MANAGEMENT LIMITED
安年地業管理有限公司",1977-05-31,2012-12-21,"Private, ltd by shares"
4472,51363,ONODA HONG KONG LIMITED,1977-01-28,2001-10-12,"Private, ltd by shares"
4473,51310,ONSON UNIT LOAD DEVICE DELIVERY SERVICE LIMITED,1977-01-25,1979-06-01,"Private, ltd by shares"
4474,56038,ONVE COMPANY LIMITED,1977-10-18,,"Private, ltd by shares"
4475,51450,"ONWARD FURNITURE FACTORY, LIMITED
安華傢俬廠有限公司",1977-02-01,1991-09-27,"Private, ltd by shares"
4476,52342,"ONWARD INDUSTRIAL COMPANY LIMITED
永和纖維工業有限公司",1977-03-29,1999-05-13,"Private, ltd by shares"
4477,53496,ONWARD MANAGEMENT LIMITED,1977-05-27,1995-08-25,"Private, ltd by shares"
4478,53670,"OPAL HOUSE (HOLDINGS) LIMITED
鄭明興閃山雲集團有限公司",1977-06-07,,"Private, ltd by shares"
4479,56999,OPELON COMPANY LIMITED,1977-12-02,1997-01-31,"Private, ltd by shares"
4480,55086,OPTANA LIMITED,1977-08-23,2005-05-27,"Private, ltd by shares"
4481,51621,"OPTICAL INSTRUMENT COMPANY, LIMITED
光學儀器有限公司",1977-02-11,1996-10-18,"Private, ltd by shares"
4482,53169,OPTICAL INVESTMENTS LIMITED (d1982-04-07),1977-05-13,1982-04-07,"Private, ltd by shares"
4483,56227,OPTICAL SPECIALITIES INTERNATIONAL LIMITED,1977-10-28,1984-11-30,"Private, ltd by shares"
4484,54873,"OPTLUX COMPANY LIMITED
好得利有限公司",1977-08-12,2015-12-31,"Private, ltd by shares"
4485,56700,ORA LIMITED (d1988-01-01),1977-11-18,1988-01-01,"Private, ltd by shares"
4486,52295,"ORACLE LIMITED (d2003-08-15)
鶴齡閣有限公司",1977-03-25,2003-08-15,"Private, ltd by shares"
4487,56691,ORBOST LIMITED,1977-11-18,2003-10-17,"Private, ltd by shares"
4488,55265,ORCHAM CO. LIMITED,1977-08-31,2000-03-17,"Private, ltd by shares"
4489,52914,ORCHARD INTERNATIONAL HOTELS LIMITED,1977-05-03,1991-08-14,"Private, ltd by shares"
4490,56399,"ORDINATA LIMITED
奧狄時有限公司",1977-11-04,1990-06-29,"Private, ltd by shares"
4491,55453,ORIENT GULF INSURANCE COMPANY LIMITED,1977-09-13,2004-03-05,"Private, ltd by shares"
4492,50968,ORIENTAL CARPET TRADING HOUSE LIMITED,1977-01-04,2008-09-19,"Private, ltd by shares"
4493,55454,ORIENTAL GRAIN MERCHANTS LIMITED,1977-09-13,1995-09-29,"Private, ltd by shares"
4494,57043,ORIENTAL HOUSING INSTALMENT PLAN LIMITED,1977-12-06,2003-11-07,"Private, ltd by shares"
4495,57630,"ORIENTAL LAPIDARY LIMITED
東方寶石有限公司",1977-12-28,1988-07-21,"Private, ltd by shares"
4496,55919,ORIENTAL STAR TRADING AND INVESTMENT COMPANY LIMITED,1977-10-11,2004-08-17,"Private, ltd by shares"
4497,56616,"ORIENTAL TOYS INDUSTRIES LIMITED
東方玩具廠有限公司",1977-11-15,,"Private, ltd by shares"
4498,53059,ORLANE (H.K.) LIMITED,1977-05-06,1999-07-13,"Private, ltd by shares"
4499,51319,ORMOND TEXTILES LIMITED,1977-01-25,1982-12-21,"Private, ltd by shares"
4500,52427,ORRELL ENTERPRISES LIMITED (d1995-06-28),1977-04-01,1995-06-28,"Private, ltd by shares"
4501,53168,ORSHA INVESTMENTS LIMITED,1977-05-13,1986-07-25,"Private, ltd by shares"
4502,57000,ORSINO COMPANY LIMITED,1977-12-02,1995-09-29,"Private, ltd by shares"
4503,54577,ORYX HOLDINGS LIMITED (d1989-10-27),1977-07-29,1989-10-27,"Private, ltd by shares"
4504,55303,OSLO COMPANY LIMITED (d1991-02-15),1977-09-02,1991-02-15,"Private, ltd by shares"
4505,55717,OSMOND TURNER ASSOCIATES (HONG KONG) LIMITED,1977-09-27,1987-12-24,"Private, ltd by shares"
4506,57404,"OTAL SALES LIMITED
凱騰有限公司",1977-12-20,2000-03-17,"Private, ltd by shares"
4507,57176,"OTTERROCK LIMITED
奧樂有限公司",1977-12-13,1995-09-29,"Private, ltd by shares"
4508,52744,OTTERSPOOL ENTERPRISES LIMITED,1977-04-26,1988-11-18,"Private, ltd by shares"
4509,52135,OTTLEY INVESTMENTS LIMITED,1977-03-18,2004-02-20,"Private, ltd by shares"
4510,53117,OUI INTERNATIONAL (H.K.) LIMITED,1977-05-10,1996-01-26,"Private, ltd by shares"
4511,56021,"OUR PLEASURE CLUB LIMITED
娛樂友誼會所有限公司",1977-10-18,1996-05-31,Ltd by guarantee
4512,54333,OUR WAY PROPERTIES AND INVESTMENTS LIMITED,1977-07-15,1984-09-14,"Private, ltd by shares"
4513,53211,OUTBOARD MARINE FOREIGN INTERNATIONAL SALES LIMITED,1977-05-13,1987-05-28,"Private, ltd by shares"
4514,53835,"OUTSTANDING ARTS PRINTING (INTERNATIONAL) LIMITED
精藝印刷(國際)有限公司",1977-06-17,1981-10-20,"Private, ltd by shares"
4515,57241,"OVERSEAS ENGINEERS LIMITED
外邦工程有限公司",1977-12-16,2001-04-20,"Private, ltd by shares"
4516,54593,OVERSEAS FOOD & IMPORTS LIMITED,1977-07-29,2003-04-11,"Private, ltd by shares"
4517,56934,"OVERSEAS GRADUATES ASSOCIATION LIMITED
海外大學畢業生協會有限公司",1977-12-02,,Ltd by guarantee
4518,51055,"OVERSEAS HOTEL TRAINING CENTRE LIMITED
海外酒店訓練中心有限公司",1977-01-07,2003-08-29,"Private, ltd by shares"
4519,55945,OVERSEAS TRACTORS SALES ASSOCIATES LIMITED,1977-10-11,,"Private, ltd by shares"
4520,54102,OVERSEAS UNION FACILITIES (H.K.) LIMITED,1977-07-05,2002-11-21,"Private, ltd by shares"
4521,52479,OXALINE COMPANY LIMITED,1977-04-01,2000-03-17,"Private, ltd by shares"
4522,52097,OXFORD SHIPPING COMPANY LIMITED,1977-03-15,1992-09-30,"Private, ltd by shares"
4523,51805,"P & A ENGINEERING LIMITED
保安水利工程有限公司",1977-02-25,,"Private, ltd by shares"
4524,54480,P & S CORDUROY FINISHING WORKS LIMITED,1977-07-22,,"Private, ltd by shares"
4525,56588,P D C SECURITIES LIMITED,1977-11-15,1995-08-25,"Private, ltd by shares"
4526,55248,P. A. MANAGEMENT CONSULTANTS (INDONESIA) LIMITED,1977-08-31,1986-01-07,"Private, ltd by shares"
4527,54232,P. GHUMANMAL (H.K.) LIMITED,1977-07-12,1995-09-29,"Private, ltd by shares"
4528,55966,P.A.F.L. NOMINEES LIMITED,1977-10-14,1999-12-23,"Private, ltd by shares"
4529,52366,P.W.P. ENTERPRISES LIMITED,1977-03-29,1997-02-13,"Private, ltd by shares"
4530,54070,"P16 WATCH ASSEMBLING (H.K.) LIMITED
P16錶廠(香港)有限公司",1977-06-30,1996-02-09,"Private, ltd by shares"
4531,53341,"PA TAK PIECEGOODS COMPANY LIMITED
百達疋頭有限公司",1977-05-20,1980-11-23,"Private, ltd by shares"
4532,51784,PACASIA SERVICES LIMITED,1977-02-25,1995-08-25,"Private, ltd by shares"
4533,54287,"PACESETTER COMPANY, LIMITED
珮詩達有限公司",1977-07-15,1996-03-29,"Private, ltd by shares"
4534,53338,PACHUNG LIMITED,1977-05-20,2004-08-27,"Private, ltd by shares"
4535,52241,PACIFIC ARTISTS LIMITED (d1987-09-16),1977-03-25,1987-09-16,"Private, ltd by shares"
4536,55898,PACIFIC BASIN RISK AND INSURANCE MANAGEMENT LIMITED,1977-10-11,1995-08-25,"Private, ltd by shares"
4537,51203,PACIFIC CAPITAL LIMITED (d1990-10-23),1977-01-18,1990-10-23,"Private, ltd by shares"
4538,54062,"PACIFIC COLLEGE (HONG KONG) LIMITED
太平洋學院(香港)有限公司",1977-06-30,1995-12-29,"Private, ltd by shares"
4539,52597,PACIFIC CROWN HOLDINGS LIMITED (d2002-06-26),1977-04-15,2002-06-26,"Private, ltd by shares"
4540,55666,"PACIFIC DISTRIBUTORS LIMITED (HK)
時域洋行有限公司",1977-09-23,,"Private, ltd by shares"
4541,52454,"PACIFIC FOOTWEAR LIMITED (d1983-11-03)
百士鞋業有限公司",1977-04-01,1983-11-03,"Private, ltd by shares"
4542,55097,"PACIFIC HOSIERY FACTORY LIMITED
太平洋襪廠有限公司",1977-08-23,1996-04-26,"Private, ltd by shares"
4543,56419,PACIFIC PHOENIX SALES COMPANY LIMITED,1977-11-08,2004-01-16,"Private, ltd by shares"
4544,57341,PACIFIC VARLEY ENTERPRISES LIMITED,1977-12-20,1994-02-17,"Private, ltd by shares"
4545,54041,PACIFICA DEVELOPMENT COMPANY LIMITED,1977-06-28,1988-03-17,"Private, ltd by shares"
4546,51689,PACKAGED REFRIGERATION UNITS LIMITED,1977-02-15,2001-12-14,"Private, ltd by shares"
4547,53730,PACKAGING INVESTMENTS LIMITED,1977-06-14,1996-10-04,"Private, ltd by shares"
4548,51754,"PACT'S HOUSING DEVELOPMENT COMPANY LIMITED
柏樹屋宇發展有限公司",1977-02-25,1996-08-30,Ltd by guarantee
4549,54634,PADDYFIELD LAND INVESTMENT COMPANY LIMITED,1977-07-29,1987-03-10,"Private, ltd by shares"
4550,52311,PADUA LIMITED (d1996-01-26),1977-03-25,1996-01-26,"Private, ltd by shares"
4551,53784,"PAGET LIMITED (d2003-10-24)
寶卓有限公司",1977-06-14,2003-10-24,"Private, ltd by shares"
4552,52992,PAGET REINSURANCE AGENCIES LIMITED,1977-05-06,1990-03-12,"Private, ltd by shares"
4553,55537,"PAGNI INVESTMENT LIMITED
貝利置業有限公司",1977-09-16,1989-10-05,"Private, ltd by shares"
4554,57073,PAGODA GARDENS DEVELOPMENT LIMITED,1977-12-06,2003-11-07,"Private, ltd by shares"
4555,52964,"PAGODA TOYS MANUFACTURING LIMITED
寶達玩具廠有限公司",1977-05-03,1984-02-17,"Private, ltd by shares"
4556,52040,PAILLARD INVESTMENT LIMITED,1977-03-11,,"Private, ltd by shares"
4557,51725,PAJANG COMPANY LIMITED,1977-02-22,1985-02-07,"Private, ltd by shares"
4558,54743,"PAK AU ENTERPRISES COMPANY LIMITED
百歐企業有限公司",1977-08-05,1996-04-26,"Private, ltd by shares"
4559,52514,"PAK KEE INDUSTRIAL COMPANY LIMITED
柏記實業有限公司",1977-04-06,,"Private, ltd by shares"
4560,51018,"PAK KING KNITTING GARMENT LIMITED
百景針織製衣有限公司",1977-01-07,2001-08-24,"Private, ltd by shares"
4561,52044,"PAK KUT FOOD PRODUCTS INTERNATIONAL LIMITED
百吉食品國際有限公司",1977-03-11,1991-11-01,"Private, ltd by shares"
4562,57549,"PAK LUN INDUSTRIAL COMPANY LIMITED
栢聯實業有限公司",1977-12-23,2002-02-15,"Private, ltd by shares"
4563,54909,"PAK MING INDUSTRIAL COMPANY LIMITED
百明實業有限公司",1977-08-12,1994-07-20,"Private, ltd by shares"
4564,55279,"PAK ON TONG LIMITED
百安堂有限公司",1977-09-02,2002-02-15,"Private, ltd by shares"
4565,51940,"PAK SHING SHOPPING ARCADE COMPANY, LIMITED
百誠商塲有限公司",1977-03-04,2002-04-19,"Private, ltd by shares"
4566,55959,"PAK SHUN INVESTMENT COMPANY LIMITED
百信置業有限公司",1977-10-14,1987-01-28,"Private, ltd by shares"
4567,53810,"PAK SZE KAI COMPANY, LIMITED
百事佳有限公司",1977-06-17,1999-08-13,"Private, ltd by shares"
4568,53337,PAK YONG SHIPPING COMPANY LIMITED,1977-05-20,2000-03-10,"Private, ltd by shares"
4569,51436,"PAK-SIN SHIPPING COMPANY LIMITED
百勝船務有限公司",1977-02-01,1996-11-29,"Private, ltd by shares"
4570,54208,PALADIN PRINTING AND PUBLISHING SERVICES LIMITED,1977-07-08,1985-10-25,"Private, ltd by shares"
4571,52782,PALCO INVESTMENT AND FINANCE LIMITED,1977-04-29,1995-07-28,"Private, ltd by shares"
4572,56367,PALLAS INTERNATIONAL LIMITED,1977-11-04,,"Private, ltd by shares"
4573,54002,"PALMA CHEMICAL INDUSTRY (H.K.) LIMITED
巴爾馬化工(香港)有限公司",1977-06-28,1996-03-29,"Private, ltd by shares"
4574,54509,"PALMY DESIGN & CONTRACT LIMITED
比美設計營造有限公司",1977-07-26,2001-09-14,"Private, ltd by shares"
4575,57333,"PALOMAR TRADING LIMITED
百羅有限公司",1977-12-16,1993-12-09,"Private, ltd by shares"
4576,51949,PAN AFRICA INTERNATIONAL LIMITED,1977-03-08,2003-07-14,"Private, ltd by shares"
4577,55498,PAN AMERICA MARITIME INDUSTRIES LIMITED,1977-09-13,1996-02-16,"Private, ltd by shares"
4578,53400,PAN AMERICAN TRADE AGENCIES LIMITED,1977-05-24,2001-12-21,"Private, ltd by shares"
4579,57071,"PAN ASIA BUILDING SUPPLIES LIMITED
泛亞建築材料有限公司",1977-12-06,1985-07-02,"Private, ltd by shares"
4580,52108,"PAN ASIA SYMPHONY ORCHESTRA LIMITED
泛亞交响樂團有限公司",1977-03-18,,Ltd by guarantee
4581,52641,"PAN EXPRESS TRANSPORT COMPANY LIMITED
泛迅旅運有限公司",1977-04-19,2006-12-27,"Private, ltd by shares"
4582,51869,PAN ORIENT SHIPPING AGENCY LIMITED,1977-03-01,1989-11-09,"Private, ltd by shares"
4583,54947,"PAN UNION COMPANY, LIMITED
泛聯有限公司",1977-08-16,,"Private, ltd by shares"
4584,57096,"PAN WAH ENTERPRISES LIMITED
泛華企業有限公司",1977-12-09,2015-08-20,"Private, ltd by shares"
4585,53702,PAN YU ENTERPRISES LIMITED,1977-06-10,1987-10-15,"Private, ltd by shares"
4586,53862,PAN'S INTERNATIONAL COMPANY LIMITED (d2005-01-28),1977-06-17,2005-01-28,"Private, ltd by shares"
4587,53765,"PAN'S MOTORS LIMITED
賓仕車行有限公司",1977-06-14,2006-04-04,"Private, ltd by shares"
4588,51293,PAN-ASIA FINE ARTS LIMITED,1977-01-21,1980-08-22,"Private, ltd by shares"